dataset,method,method_family,base_classifier,ensemble_size,tuning_mode,metric,mean_value,std_value,n_folds,mean_fit_seconds
Credit_Approval_Classification,base,baseline,decision_tree,10,library_defaults,auprc,0.36937934733375627,0.02417133931586582,5,0.05806899070739742
Credit_Approval_Classification,base,baseline,decision_tree,10,library_defaults,balanced_accuracy,0.6090476190476191,0.03095924832242124,5,0.05806899070739742
Credit_Approval_Classification,base,baseline,decision_tree,10,library_defaults,macro_f1,0.6069287591725692,0.029579968907145374,5,0.05806899070739742
Credit_Approval_Classification,base,baseline,logistic_regression,10,library_defaults,auprc,0.6134067133222989,0.03216334131144574,5,0.06576743125915524
Credit_Approval_Classification,base,baseline,logistic_regression,10,library_defaults,balanced_accuracy,0.6666666666666667,0.01328328190739368,5,0.06576743125915524
Credit_Approval_Classification,base,baseline,logistic_regression,10,library_defaults,macro_f1,0.6765732753345804,0.014924412590796562,5,0.06576743125915524
Credit_Approval_Classification,cost,ensemble,decision_tree,10,library_defaults,auprc,0.39554072725266304,0.03655398459878188,5,0.15773138999938957
Credit_Approval_Classification,cost,ensemble,decision_tree,10,library_defaults,balanced_accuracy,0.6147619047619048,0.043567199898885835,5,0.15773138999938957
Credit_Approval_Classification,cost,ensemble,decision_tree,10,library_defaults,macro_f1,0.614399664948267,0.04172933578713401,5,0.15773138999938957
Credit_Approval_Classification,cost,ensemble,logistic_regression,10,library_defaults,auprc,0.5011121297704866,0.020974005174014564,5,0.11412963867187495
Credit_Approval_Classification,cost,ensemble,logistic_regression,10,library_defaults,balanced_accuracy,0.6535714285714287,0.01859583256168253,5,0.11412963867187495
Credit_Approval_Classification,cost,ensemble,logistic_regression,10,library_defaults,macro_f1,0.6524694977946467,0.017680105651525176,5,0.11412963867187495
Credit_Approval_Classification,enn,resampling,decision_tree,10,library_defaults,auprc,0.38689493698006094,0.04648622998177356,5,0.06608538627624508
Credit_Approval_Classification,enn,resampling,decision_tree,10,library_defaults,balanced_accuracy,0.6407142857142857,0.06040654970419623,5,0.06608538627624508
Credit_Approval_Classification,enn,resampling,decision_tree,10,library_defaults,macro_f1,0.6041628994717838,0.05781521264125378,5,0.06608538627624508
Credit_Approval_Classification,enn,resampling,logistic_regression,10,library_defaults,auprc,0.5929015468499118,0.012404002714384297,5,0.08191862106323236
Credit_Approval_Classification,enn,resampling,logistic_regression,10,library_defaults,balanced_accuracy,0.7176190476190476,0.021484714811268603,5,0.08191862106323236
Credit_Approval_Classification,enn,resampling,logistic_regression,10,library_defaults,macro_f1,0.6847140554481727,0.019540858176591635,5,0.08191862106323236
Credit_Approval_Classification,obag,ensemble,decision_tree,10,library_defaults,auprc,0.5440483254202881,0.02822671110490809,5,0.17886486053466794
Credit_Approval_Classification,obag,ensemble,decision_tree,10,library_defaults,balanced_accuracy,0.6221428571428571,0.03408589257394266,5,0.17886486053466794
Credit_Approval_Classification,obag,ensemble,decision_tree,10,library_defaults,macro_f1,0.6302469558532641,0.03835472041758729,5,0.17886486053466794
Credit_Approval_Classification,obag,ensemble,logistic_regression,10,library_defaults,auprc,0.6006757061873594,0.028171931092380996,5,0.3383862495422363
Credit_Approval_Classification,obag,ensemble,logistic_regression,10,library_defaults,balanced_accuracy,0.7173809523809525,0.037025532037713325,5,0.3383862495422363
Credit_Approval_Classification,obag,ensemble,logistic_regression,10,library_defaults,macro_f1,0.6975349067953269,0.03295000763710582,5,0.3383862495422363
Credit_Approval_Classification,rus,resampling,decision_tree,10,library_defaults,auprc,0.3582808491968448,0.026153128828062068,5,0.060299110412597626
Credit_Approval_Classification,rus,resampling,decision_tree,10,library_defaults,balanced_accuracy,0.6007142857142858,0.03442720474136488,5,0.060299110412597626
Credit_Approval_Classification,rus,resampling,decision_tree,10,library_defaults,macro_f1,0.5857169794236688,0.03202988763352255,5,0.060299110412597626
Credit_Approval_Classification,rus,resampling,logistic_regression,10,library_defaults,auprc,0.5922535502916574,0.014496793597875403,5,0.06434936523437496
Credit_Approval_Classification,rus,resampling,logistic_regression,10,library_defaults,balanced_accuracy,0.7019047619047619,0.030867557766188485,5,0.06434936523437496
Credit_Approval_Classification,rus,resampling,logistic_regression,10,library_defaults,macro_f1,0.6750838956828916,0.028664886057862143,5,0.06434936523437496
Credit_Approval_Classification,sbag,ensemble,decision_tree,10,library_defaults,auprc,0.5578479337067963,0.06402564435940683,5,0.2469780445098877
Credit_Approval_Classification,sbag,ensemble,decision_tree,10,library_defaults,balanced_accuracy,0.6297619047619047,0.04231636330280054,5,0.2469780445098877
Credit_Approval_Classification,sbag,ensemble,decision_tree,10,library_defaults,macro_f1,0.6390837046904512,0.04924515909612254,5,0.2469780445098877
Credit_Approval_Classification,sbag,ensemble,logistic_regression,10,library_defaults,auprc,0.6025887900443339,0.02453989075391091,5,0.5525312900543213
Credit_Approval_Classification,sbag,ensemble,logistic_regression,10,library_defaults,balanced_accuracy,0.7145238095238096,0.03223531675443104,5,0.5525312900543213
Credit_Approval_Classification,sbag,ensemble,logistic_regression,10,library_defaults,macro_f1,0.6962055827898224,0.027671950200937045,5,0.5525312900543213
Credit_Approval_Classification,smote,resampling,decision_tree,10,library_defaults,auprc,0.40595349212287957,0.022895135204461323,5,0.07597270011901852
Credit_Approval_Classification,smote,resampling,decision_tree,10,library_defaults,balanced_accuracy,0.6504761904761904,0.027414575628962407,5,0.07597270011901852
Credit_Approval_Classification,smote,resampling,decision_tree,10,library_defaults,macro_f1,0.647333135729372,0.023125185039249617,5,0.07597270011901852
Credit_Approval_Classification,smote,resampling,logistic_regression,10,library_defaults,auprc,0.6070059711854123,0.027344602255562015,5,0.08443412780761714
Credit_Approval_Classification,smote,resampling,logistic_regression,10,library_defaults,balanced_accuracy,0.7190476190476189,0.019287918745261527,5,0.08443412780761714
Credit_Approval_Classification,smote,resampling,logistic_regression,10,library_defaults,macro_f1,0.6966736326546672,0.017338887650878994,5,0.08443412780761714
Credit_Approval_Classification,spe,ensemble,decision_tree,10,library_defaults,auprc,0.5375500794034529,0.048979922682028706,5,0.15130620002746578
Credit_Approval_Classification,spe,ensemble,decision_tree,10,library_defaults,balanced_accuracy,0.6728571428571428,0.03048409495706694,5,0.15130620002746578
Credit_Approval_Classification,spe,ensemble,decision_tree,10,library_defaults,macro_f1,0.674621102927727,0.030186090840924825,5,0.15130620002746578
Credit_Approval_Classification,spe,ensemble,logistic_regression,10,library_defaults,auprc,0.6170793939017792,0.03756087726248835,5,0.23384537696838376
Credit_Approval_Classification,spe,ensemble,logistic_regression,10,library_defaults,balanced_accuracy,0.715952380952381,0.027024071741962568,5,0.23384537696838376
Credit_Approval_Classification,spe,ensemble,logistic_regression,10,library_defaults,macro_f1,0.6984049619389459,0.02825591076241518,5,0.23384537696838376
Credit_Approval_Classification,tomek,resampling,decision_tree,10,library_defaults,auprc,0.39193334276845154,0.0284489333328314,5,0.08425655364990228
Credit_Approval_Classification,tomek,resampling,decision_tree,10,library_defaults,balanced_accuracy,0.6371428571428572,0.030274162966309377,5,0.08425655364990228
Credit_Approval_Classification,tomek,resampling,decision_tree,10,library_defaults,macro_f1,0.631224630887236,0.030052901882530084,5,0.08425655364990228
Credit_Approval_Classification,tomek,resampling,logistic_regression,10,library_defaults,auprc,0.612151201201012,0.029390327182345917,5,0.08308544158935542
Credit_Approval_Classification,tomek,resampling,logistic_regression,10,library_defaults,balanced_accuracy,0.6811904761904761,0.013426544933211092,5,0.08308544158935542
Credit_Approval_Classification,tomek,resampling,logistic_regression,10,library_defaults,macro_f1,0.687278976619359,0.014460055457499838,5,0.08308544158935542
Credit_Approval_Classification,ubag,ensemble,decision_tree,10,library_defaults,auprc,0.5403411326217918,0.03288718836620274,5,0.14366126060485834
Credit_Approval_Classification,ubag,ensemble,decision_tree,10,library_defaults,balanced_accuracy,0.6673809523809524,0.05730755036466128,5,0.14366126060485834
Credit_Approval_Classification,ubag,ensemble,decision_tree,10,library_defaults,macro_f1,0.6635900069652088,0.053127722680296,5,0.14366126060485834
Credit_Approval_Classification,ubag,ensemble,logistic_regression,10,library_defaults,auprc,0.6007713396146499,0.026715080274961316,5,0.22143177986145016
Credit_Approval_Classification,ubag,ensemble,logistic_regression,10,library_defaults,balanced_accuracy,0.7188095238095238,0.027630847233135313,5,0.22143177986145016
Credit_Approval_Classification,ubag,ensemble,logistic_regression,10,library_defaults,macro_f1,0.6948429475778295,0.027247950636356048,5,0.22143177986145016
JapaneseVowels,base,baseline,decision_tree,10,library_defaults,auprc,0.7896276302682546,0.04196120555004007,5,0.19264307022094726
JapaneseVowels,base,baseline,decision_tree,10,library_defaults,balanced_accuracy,0.9339810269387676,0.019217862563517936,5,0.19264307022094726
JapaneseVowels,base,baseline,decision_tree,10,library_defaults,macro_f1,0.9363991632212244,0.013862897319484311,5,0.19264307022094726
JapaneseVowels,base,baseline,logistic_regression,10,library_defaults,auprc,0.9654171985403863,0.004971102393515569,5,0.051086330413818305
JapaneseVowels,base,baseline,logistic_regression,10,library_defaults,balanced_accuracy,0.9409123851471248,0.014942226261364442,5,0.051086330413818305
JapaneseVowels,base,baseline,logistic_regression,10,library_defaults,macro_f1,0.9502916774436333,0.008872330067976686,5,0.051086330413818305
JapaneseVowels,cost,cost_sensitive,decision_tree,10,library_defaults,auprc,0.8238644570486915,0.03207015349249292,5,1.8692313194274903
JapaneseVowels,cost,cost_sensitive,decision_tree,10,library_defaults,balanced_accuracy,0.9386070776416894,0.014496885489310994,5,1.8692313194274903
JapaneseVowels,cost,cost_sensitive,decision_tree,10,library_defaults,macro_f1,0.9401183097714135,0.012503490976845428,5,1.8692313194274903
JapaneseVowels,cost,cost_sensitive,logistic_regression,10,library_defaults,auprc,0.8825321408055002,0.01955807282661385,5,0.1884461402893066
JapaneseVowels,cost,cost_sensitive,logistic_regression,10,library_defaults,balanced_accuracy,0.9612080160459984,0.013061416346734647,5,0.1884461402893066
JapaneseVowels,cost,cost_sensitive,logistic_regression,10,library_defaults,macro_f1,0.9206716556482778,0.007070377820074498,5,0.1884461402893066
JapaneseVowels,enn,resampling,decision_tree,10,library_defaults,auprc,0.7822053131052726,0.030900351004047543,5,0.2360319137573242
JapaneseVowels,enn,resampling,decision_tree,10,library_defaults,balanced_accuracy,0.9444650749290661,0.0128782213501446,5,0.2360319137573242
JapaneseVowels,enn,resampling,decision_tree,10,library_defaults,macro_f1,0.9345128877834844,0.01011766207952529,5,0.2360319137573242
JapaneseVowels,enn,resampling,logistic_regression,10,library_defaults,auprc,0.9652825802047283,0.004865863912207047,5,0.6445001125335693
JapaneseVowels,enn,resampling,logistic_regression,10,library_defaults,balanced_accuracy,0.9462335778075225,0.011838465479321578,5,0.6445001125335693
JapaneseVowels,enn,resampling,logistic_regression,10,library_defaults,macro_f1,0.9511911928299253,0.006287486456117629,5,0.6445001125335693
JapaneseVowels,obag,ensemble,decision_tree,10,library_defaults,auprc,0.9686825566452745,0.011032639620384692,5,1.728071403503418
JapaneseVowels,obag,ensemble,decision_tree,10,library_defaults,balanced_accuracy,0.934698950349323,0.015979064827822093,5,1.728071403503418
JapaneseVowels,obag,ensemble,decision_tree,10,library_defaults,macro_f1,0.9545246527100465,0.011026521003100127,5,1.728071403503418
JapaneseVowels,obag,ensemble,logistic_regression,10,library_defaults,auprc,0.9603514122813257,0.004532405013721964,5,0.4434394359588623
JapaneseVowels,obag,ensemble,logistic_regression,10,library_defaults,balanced_accuracy,0.9699698020933051,0.006328415603177481,5,0.4434394359588623
JapaneseVowels,obag,ensemble,logistic_regression,10,library_defaults,macro_f1,0.9055303327795517,0.008186301135445129,5,0.4434394359588623
JapaneseVowels,rus,resampling,decision_tree,10,library_defaults,auprc,0.5683721727593903,0.06513603884325134,5,0.052439451217651346
JapaneseVowels,rus,resampling,decision_tree,10,library_defaults,balanced_accuracy,0.9469030210538577,0.01973704319417724,5,0.052439451217651346
JapaneseVowels,rus,resampling,decision_tree,10,library_defaults,macro_f1,0.8491788475788802,0.02865939268382138,5,0.052439451217651346
JapaneseVowels,rus,resampling,logistic_regression,10,library_defaults,auprc,0.9558102504828982,0.00498372220585727,5,0.043802213668823184
JapaneseVowels,rus,resampling,logistic_regression,10,library_defaults,balanced_accuracy,0.9692616223636475,0.006402824344762632,5,0.043802213668823184
JapaneseVowels,rus,resampling,logistic_regression,10,library_defaults,macro_f1,0.9022423249419129,0.00794570831135993,5,0.043802213668823184
JapaneseVowels,sbag,ensemble,decision_tree,10,library_defaults,auprc,0.9688866680294577,0.011459682953237679,5,3.257427453994751
JapaneseVowels,sbag,ensemble,decision_tree,10,library_defaults,balanced_accuracy,0.9473652384870753,0.014638732848768852,5,3.257427453994751
JapaneseVowels,sbag,ensemble,decision_tree,10,library_defaults,macro_f1,0.9580127342035525,0.010583347487662003,5,3.257427453994751
JapaneseVowels,sbag,ensemble,logistic_regression,10,library_defaults,auprc,0.9603389349119474,0.00440267057587579,5,0.5418240547180175
JapaneseVowels,sbag,ensemble,logistic_regression,10,library_defaults,balanced_accuracy,0.9662616004301856,0.00908546365817225,5,0.5418240547180175
JapaneseVowels,sbag,ensemble,logistic_regression,10,library_defaults,macro_f1,0.9066665930047544,0.009920226157774737,5,0.5418240547180175
JapaneseVowels,smote,resampling,decision_tree,10,library_defaults,auprc,0.7934431234967232,0.040508572341144966,5,0.6723579406738281
JapaneseVowels,smote,resampling,decision_tree,10,library_defaults,balanced_accuracy,0.9519614982928506,0.01826867036917893,5,0.6723579406738281
JapaneseVowels,smote,resampling,decision_tree,10,library_defaults,macro_f1,0.9380574368741952,0.0128712953726625,5,0.6723579406738281
JapaneseVowels,smote,resampling,logistic_regression,10,library_defaults,auprc,0.9607630943827103,0.004844448558314694,5,0.07955226898193356
JapaneseVowels,smote,resampling,logistic_regression,10,library_defaults,balanced_accuracy,0.9642670969307454,0.008900245658222146,5,0.07955226898193356
JapaneseVowels,smote,resampling,logistic_regression,10,library_defaults,macro_f1,0.9105749506164939,0.006918834611288869,5,0.07955226898193356
JapaneseVowels,spe,ensemble,decision_tree,10,library_defaults,auprc,0.9898879160890548,0.004611256800042723,5,0.25994014739990234
JapaneseVowels,spe,ensemble,decision_tree,10,library_defaults,balanced_accuracy,0.9778353246115872,0.011456288206912432,5,0.25994014739990234
JapaneseVowels,spe,ensemble,decision_tree,10,library_defaults,macro_f1,0.978079301960436,0.007209068706729636,5,0.25994014739990234
JapaneseVowels,spe,ensemble,logistic_regression,10,library_defaults,auprc,0.9644958337061886,0.006099487942414091,5,0.1956767082214355
JapaneseVowels,spe,ensemble,logistic_regression,10,library_defaults,balanced_accuracy,0.9211693387664447,0.01865228077838105,5,0.1956767082214355
JapaneseVowels,spe,ensemble,logistic_regression,10,library_defaults,macro_f1,0.9454935016756949,0.012174926320944092,5,0.1956767082214355
JapaneseVowels,tomek,resampling,decision_tree,10,library_defaults,auprc,0.7678743945130486,0.030569395713734876,5,0.26213717460632324
JapaneseVowels,tomek,resampling,decision_tree,10,library_defaults,balanced_accuracy,0.9298880181295756,0.012020674565180044,5,0.26213717460632324
JapaneseVowels,tomek,resampling,decision_tree,10,library_defaults,macro_f1,0.929605115480857,0.010047810447682026,5,0.26213717460632324
JapaneseVowels,tomek,resampling,logistic_regression,10,library_defaults,auprc,0.9653926010036414,0.004951316718510234,5,0.38251590728759766
JapaneseVowels,tomek,resampling,logistic_regression,10,library_defaults,balanced_accuracy,0.9415534107881506,0.01592415131653811,5,0.38251590728759766
JapaneseVowels,tomek,resampling,logistic_regression,10,library_defaults,macro_f1,0.9506629563687505,0.009397768841020268,5,0.38251590728759766
JapaneseVowels,ubag,ensemble,decision_tree,10,library_defaults,auprc,0.9449606210634395,0.017341908781743964,5,0.3012104511260986
JapaneseVowels,ubag,ensemble,decision_tree,10,library_defaults,balanced_accuracy,0.9640365150200599,0.009994425838808049,5,0.3012104511260986
JapaneseVowels,ubag,ensemble,decision_tree,10,library_defaults,macro_f1,0.9262855495927003,0.004811886595187582,5,0.3012104511260986
JapaneseVowels,ubag,ensemble,logistic_regression,10,library_defaults,auprc,0.9630571795434409,0.0042167522942560464,5,0.18753170967102045
JapaneseVowels,ubag,ensemble,logistic_regression,10,library_defaults,balanced_accuracy,0.9700156040686739,0.007746073584511964,5,0.18753170967102045
JapaneseVowels,ubag,ensemble,logistic_regression,10,library_defaults,macro_f1,0.9031163243517135,0.009511400583782399,5,0.18753170967102045
SPECTF,base,baseline,decision_tree,10,library_defaults,auprc,0.6123376623376624,0.04976291334811452,5,0.02019748687744136
SPECTF,base,baseline,decision_tree,10,library_defaults,balanced_accuracy,0.8396635706914344,0.029959322526739107,5,0.02019748687744136
SPECTF,base,baseline,decision_tree,10,library_defaults,macro_f1,0.8191030081024128,0.02939176555048756,5,0.02019748687744136
SPECTF,base,baseline,logistic_regression,10,library_defaults,auprc,0.7498602222953779,0.10570912317600197,5,0.02562742233276364
SPECTF,base,baseline,logistic_regression,10,library_defaults,balanced_accuracy,0.7640330237358101,0.06078462489911434,5,0.02562742233276364
SPECTF,base,baseline,logistic_regression,10,library_defaults,macro_f1,0.7684041892060468,0.06129906203806652,5,0.02562742233276364
SPECTF,cost,cost_sensitive,decision_tree,10,library_defaults,auprc,0.6658548998605708,0.06935716242627804,5,0.0915155410766601
SPECTF,cost,cost_sensitive,decision_tree,10,library_defaults,balanced_accuracy,0.8344004127966975,0.03168497481350435,5,0.0915155410766601
SPECTF,cost,cost_sensitive,decision_tree,10,library_defaults,macro_f1,0.8145272122516983,0.020866219383494065,5,0.0915155410766601
SPECTF,cost,cost_sensitive,logistic_regression,10,library_defaults,auprc,0.6559333380276752,0.10878182233548626,5,0.07959794998168941
SPECTF,cost,cost_sensitive,logistic_regression,10,library_defaults,balanced_accuracy,0.7784127966976264,0.06738117920205412,5,0.07959794998168941
SPECTF,cost,cost_sensitive,logistic_regression,10,library_defaults,macro_f1,0.7627297613880207,0.06343141696549562,5,0.07959794998168941
SPECTF,enn,resampling,decision_tree,10,library_defaults,auprc,0.5059455530905255,0.03536478005733061,5,0.02283749580383298
SPECTF,enn,resampling,decision_tree,10,library_defaults,balanced_accuracy,0.8023261093911248,0.018234832139260054,5,0.02283749580383298
SPECTF,enn,resampling,decision_tree,10,library_defaults,macro_f1,0.7338373476523666,0.033355023425573845,5,0.02283749580383298
SPECTF,enn,resampling,logistic_regression,10,library_defaults,auprc,0.7131225224583618,0.09108991703502722,5,0.034709358215332
SPECTF,enn,resampling,logistic_regression,10,library_defaults,balanced_accuracy,0.8247203302373581,0.05026825937883457,5,0.034709358215332
SPECTF,enn,resampling,logistic_regression,10,library_defaults,macro_f1,0.7460514362082185,0.06814645715555571,5,0.034709358215332
SPECTF,obag,ensemble,decision_tree,10,library_defaults,auprc,0.8422173127990302,0.10204994237682778,5,0.11212563514709468
SPECTF,obag,ensemble,decision_tree,10,library_defaults,balanced_accuracy,0.8678513931888545,0.028677461501378978,5,0.11212563514709468
SPECTF,obag,ensemble,decision_tree,10,library_defaults,macro_f1,0.8665869191617748,0.02759373753278203,5,0.11212563514709468
SPECTF,obag,ensemble,logistic_regression,10,library_defaults,auprc,0.7608313674071538,0.1075994717848969,5,0.159739875793457
SPECTF,obag,ensemble,logistic_regression,10,library_defaults,balanced_accuracy,0.8100701754385964,0.07619972474104655,5,0.159739875793457
SPECTF,obag,ensemble,logistic_regression,10,library_defaults,macro_f1,0.7865561078642042,0.06718046120938403,5,0.159739875793457
SPECTF,rus,resampling,decision_tree,10,library_defaults,auprc,0.5726047126812533,0.11029868614348073,5,0.02008805274963374
SPECTF,rus,resampling,decision_tree,10,library_defaults,balanced_accuracy,0.8316346749226007,0.07166979515539708,5,0.02008805274963374
SPECTF,rus,resampling,decision_tree,10,library_defaults,macro_f1,0.7852422109601316,0.07208777137682242,5,0.02008805274963374
SPECTF,rus,resampling,logistic_regression,10,library_defaults,auprc,0.7279263997296146,0.16272522678366627,5,0.027483510971069304
SPECTF,rus,resampling,logistic_regression,10,library_defaults,balanced_accuracy,0.7870134158926728,0.05630621365974334,5,0.027483510971069304
SPECTF,rus,resampling,logistic_regression,10,library_defaults,macro_f1,0.7388307956347824,0.06521676301078815,5,0.027483510971069304
SPECTF,sbag,ensemble,decision_tree,10,library_defaults,auprc,0.8451556186591999,0.10486888035510565,5,0.13764343261718745
SPECTF,sbag,ensemble,decision_tree,10,library_defaults,balanced_accuracy,0.8481795665634675,0.07676683375920945,5,0.13764343261718745
SPECTF,sbag,ensemble,decision_tree,10,library_defaults,macro_f1,0.8477706006901096,0.07372674197838769,5,0.13764343261718745
SPECTF,sbag,ensemble,logistic_regression,10,library_defaults,auprc,0.7566844951798612,0.1048227737384262,5,0.28734335899353025
SPECTF,sbag,ensemble,logistic_regression,10,library_defaults,balanced_accuracy,0.7910175438596492,0.07659989624405975,5,0.28734335899353025
SPECTF,sbag,ensemble,logistic_regression,10,library_defaults,macro_f1,0.7732642025583288,0.06724160064592635,5,0.28734335899353025
SPECTF,smote,resampling,decision_tree,10,library_defaults,auprc,0.6400725895005072,0.05214001554585196,5,0.0331987380981445
SPECTF,smote,resampling,decision_tree,10,library_defaults,balanced_accuracy,0.8640577915376676,0.03887754000977261,5,0.0331987380981445
SPECTF,smote,resampling,decision_tree,10,library_defaults,macro_f1,0.834841866303722,0.02906718315027972,5,0.0331987380981445
SPECTF,smote,resampling,logistic_regression,10,library_defaults,auprc,0.7561376078748777,0.11857265748937779,5,0.04820966720581052
SPECTF,smote,resampling,logistic_regression,10,library_defaults,balanced_accuracy,0.7930030959752322,0.07567397094115948,5,0.04820966720581052
SPECTF,smote,resampling,logistic_regression,10,library_defaults,macro_f1,0.7650891881421572,0.06165327900289836,5,0.04820966720581052
SPECTF,spe,ensemble,decision_tree,10,library_defaults,auprc,0.843386889150047,0.10685916692717994,5,0.08856434822082514
SPECTF,spe,ensemble,decision_tree,10,library_defaults,balanced_accuracy,0.8888648090815273,0.051999538727055025,5,0.08856434822082514
SPECTF,spe,ensemble,decision_tree,10,library_defaults,macro_f1,0.882704218923305,0.05225522390328992,5,0.08856434822082514
SPECTF,spe,ensemble,logistic_regression,10,library_defaults,auprc,0.7535049534331678,0.10052013085311796,5,0.14537639617919917
SPECTF,spe,ensemble,logistic_regression,10,library_defaults,balanced_accuracy,0.7829927760577915,0.06185059805385472,5,0.14537639617919917
SPECTF,spe,ensemble,logistic_regression,10,library_defaults,macro_f1,0.7716764434440786,0.05422350522123209,5,0.14537639617919917
SPECTF,tomek,resampling,decision_tree,10,library_defaults,auprc,0.623923553944149,0.043417448156356966,5,0.0249135017395019
SPECTF,tomek,resampling,decision_tree,10,library_defaults,balanced_accuracy,0.8468482972136222,0.025698481783798,5,0.0249135017395019
SPECTF,tomek,resampling,decision_tree,10,library_defaults,macro_f1,0.8259155521989733,0.026027613551448246,5,0.0249135017395019
SPECTF,tomek,resampling,logistic_regression,10,library_defaults,auprc,0.7470044093344073,0.1060277134044682,5,0.0374266624450683
SPECTF,tomek,resampling,logistic_regression,10,library_defaults,balanced_accuracy,0.7561114551083591,0.06178500976310414,5,0.0374266624450683
SPECTF,tomek,resampling,logistic_regression,10,library_defaults,macro_f1,0.7569969613678638,0.06160874569905622,5,0.0374266624450683
SPECTF,ubag,ensemble,decision_tree,10,library_defaults,auprc,0.7998725868156085,0.09986788127108161,5,0.08344626426696772
SPECTF,ubag,ensemble,decision_tree,10,library_defaults,balanced_accuracy,0.8606769865841073,0.07836803618327653,5,0.08344626426696772
SPECTF,ubag,ensemble,decision_tree,10,library_defaults,macro_f1,0.8333551020615261,0.0663342562812159,5,0.08344626426696772
SPECTF,ubag,ensemble,logistic_regression,10,library_defaults,auprc,0.7509431482879092,0.11429277057930252,5,0.13714618682861324
SPECTF,ubag,ensemble,logistic_regression,10,library_defaults,balanced_accuracy,0.8088173374613004,0.06650934736357467,5,0.13714618682861324
SPECTF,ubag,ensemble,logistic_regression,10,library_defaults,macro_f1,0.7677521101104279,0.06299657080153456,5,0.13714618682861324
adult,base,baseline,decision_tree,10,library_defaults,auprc,0.4433408647645402,0.008641824794476984,5,1.0623225212097167
adult,base,baseline,decision_tree,10,library_defaults,balanced_accuracy,0.7295429678684862,0.007113625151384344,5,1.0623225212097167
adult,base,baseline,decision_tree,10,library_defaults,macro_f1,0.7284229684951752,0.006140287843644154,5,1.0623225212097167
adult,base,baseline,logistic_regression,10,library_defaults,auprc,0.780770251835422,0.007536476045947929,5,2.0200439929962157
adult,base,baseline,logistic_regression,10,library_defaults,balanced_accuracy,0.7710089577763825,0.0043950061591696826,5,2.0200439929962157
adult,base,baseline,logistic_regression,10,library_defaults,macro_f1,0.7885604881709101,0.004089604077946919,5,2.0200439929962157
adult,cost,ensemble,decision_tree,10,library_defaults,auprc,0.6058482332470054,0.009400476668875822,5,9.271188449859618
adult,cost,ensemble,decision_tree,10,library_defaults,balanced_accuracy,0.7437123732779026,0.004695803971355399,5,9.271188449859618
adult,cost,ensemble,decision_tree,10,library_defaults,macro_f1,0.7450860498754321,0.004777578232677529,5,9.271188449859618
adult,cost,ensemble,logistic_regression,10,library_defaults,auprc,0.6309513125530584,0.021665476378973068,5,2.613794040679932
adult,cost,ensemble,logistic_regression,10,library_defaults,balanced_accuracy,0.7815168556814674,0.004364125845186129,5,2.613794040679932
adult,cost,ensemble,logistic_regression,10,library_defaults,macro_f1,0.7723185917951717,0.0054855264246140255,5,2.613794040679932
adult,enn,resampling,decision_tree,10,library_defaults,auprc,0.45251103795004327,0.005139490069153484,5,8.242098617553712
adult,enn,resampling,decision_tree,10,library_defaults,balanced_accuracy,0.7648431973394159,0.0038501158103283733,5,8.242098617553712
adult,enn,resampling,decision_tree,10,library_defaults,macro_f1,0.7307277608666035,0.0038178120191269473,5,8.242098617553712
adult,enn,resampling,logistic_regression,10,library_defaults,auprc,0.7757786795993018,0.007494827878122564,5,9.255074214935302
adult,enn,resampling,logistic_regression,10,library_defaults,balanced_accuracy,0.8257733527158422,0.00511376959365652,5,9.255074214935302
adult,enn,resampling,logistic_regression,10,library_defaults,macro_f1,0.7790344194748202,0.003983877972642115,5,9.255074214935302
adult,obag,ensemble,decision_tree,10,library_defaults,auprc,0.665134555459859,0.006678710824499856,5,10.420504760742187
adult,obag,ensemble,decision_tree,10,library_defaults,balanced_accuracy,0.734612572927319,0.007984181436912154,5,10.420504760742187
adult,obag,ensemble,decision_tree,10,library_defaults,macro_f1,0.7500299570924831,0.007242672792112207,5,10.420504760742187
adult,obag,ensemble,logistic_regression,10,library_defaults,auprc,0.779638387867033,0.007385045347533632,5,28.58945589065552
adult,obag,ensemble,logistic_regression,10,library_defaults,balanced_accuracy,0.8279351116771763,0.005975520875281466,5,28.58945589065552
adult,obag,ensemble,logistic_regression,10,library_defaults,macro_f1,0.7786344801039211,0.004693808733075071,5,28.58945589065552
adult,rus,resampling,decision_tree,10,library_defaults,auprc,0.4381277278109061,0.004732004333547482,5,0.6524806976318359
adult,rus,resampling,decision_tree,10,library_defaults,balanced_accuracy,0.7616915787207024,0.004544940513598003,5,0.6524806976318359
adult,rus,resampling,decision_tree,10,library_defaults,macro_f1,0.7159912569344555,0.003581332078512285,5,0.6524806976318359
adult,rus,resampling,logistic_regression,10,library_defaults,auprc,0.7786426327292512,0.007116148248390153,5,1.5890893459320068
adult,rus,resampling,logistic_regression,10,library_defaults,balanced_accuracy,0.8277129555696557,0.005159986418895003,5,1.5890893459320068
adult,rus,resampling,logistic_regression,10,library_defaults,macro_f1,0.7774293158852602,0.00400423811224482,5,1.5890893459320068
adult,sbag,ensemble,decision_tree,10,library_defaults,auprc,0.6626504644114186,0.010568118196333638,5,18.503092527389526
adult,sbag,ensemble,decision_tree,10,library_defaults,balanced_accuracy,0.7369060895258392,0.00672842634026422,5,18.503092527389526
adult,sbag,ensemble,decision_tree,10,library_defaults,macro_f1,0.7514735377876527,0.006466427860983176,5,18.503092527389526
adult,sbag,ensemble,logistic_regression,10,library_defaults,auprc,0.7796866648824221,0.007329613558806413,5,36.336796569824216
adult,sbag,ensemble,logistic_regression,10,library_defaults,balanced_accuracy,0.8275994332113742,0.006148843152104043,5,36.336796569824216
adult,sbag,ensemble,logistic_regression,10,library_defaults,macro_f1,0.778900200984675,0.004664026626800569,5,36.336796569824216
adult,smote,resampling,decision_tree,10,library_defaults,auprc,0.44450347447645067,0.012177219343910776,5,2.514039945602417
adult,smote,resampling,decision_tree,10,library_defaults,balanced_accuracy,0.7302376094819423,0.00972697707810852,5,2.514039945602417
adult,smote,resampling,decision_tree,10,library_defaults,macro_f1,0.7291969354557177,0.00859562737854888,5,2.514039945602417
adult,smote,resampling,logistic_regression,10,library_defaults,auprc,0.7782909486069067,0.0068744087438045685,5,3.7713808536529543
adult,smote,resampling,logistic_regression,10,library_defaults,balanced_accuracy,0.8270135279694584,0.005172187743547483,5,3.7713808536529543
adult,smote,resampling,logistic_regression,10,library_defaults,macro_f1,0.7795001043596166,0.004566914667330587,5,3.7713808536529543
adult,spe,ensemble,decision_tree,10,library_defaults,auprc,0.676578225289345,0.004505669390547568,5,3.0500904083251954
adult,spe,ensemble,decision_tree,10,library_defaults,balanced_accuracy,0.7747984937657556,0.004598376007159344,5,3.0500904083251954
adult,spe,ensemble,decision_tree,10,library_defaults,macro_f1,0.7663182172444845,0.004925442716736965,5,3.0500904083251954
adult,spe,ensemble,logistic_regression,10,library_defaults,auprc,0.7723348266873538,0.0070721379495611685,5,16.05829701423645
adult,spe,ensemble,logistic_regression,10,library_defaults,balanced_accuracy,0.8134647964210908,0.00591375408672539,5,16.05829701423645
adult,spe,ensemble,logistic_regression,10,library_defaults,macro_f1,0.7902170654330292,0.004704219141367096,5,16.05829701423645
adult,tomek,resampling,decision_tree,10,library_defaults,auprc,0.4512607886508794,0.004351526784581683,5,10.809870862960816
adult,tomek,resampling,decision_tree,10,library_defaults,balanced_accuracy,0.742959030111776,0.0033848750671664147,5,10.809870862960816
adult,tomek,resampling,decision_tree,10,library_defaults,macro_f1,0.7340348566374688,0.003018031057607761,5,10.809870862960816
adult,tomek,resampling,logistic_regression,10,library_defaults,auprc,0.7802450289251233,0.007396599023979338,5,11.524389934539794
adult,tomek,resampling,logistic_regression,10,library_defaults,balanced_accuracy,0.7938969110153801,0.005493242828107334,5,11.524389934539794
adult,tomek,resampling,logistic_regression,10,library_defaults,macro_f1,0.7979230385040796,0.004727650470437072,5,11.524389934539794
adult,ubag,ensemble,decision_tree,10,library_defaults,auprc,0.6627854741266743,0.009838391501928992,5,3.5240684032440184
adult,ubag,ensemble,decision_tree,10,library_defaults,balanced_accuracy,0.7871838958553349,0.005408052333827588,5,3.5240684032440184
adult,ubag,ensemble,decision_tree,10,library_defaults,macro_f1,0.7650381542479423,0.00539944660998573,5,3.5240684032440184
adult,ubag,ensemble,logistic_regression,10,library_defaults,auprc,0.7792991742953843,0.007426704166562619,5,13.44309959411621
adult,ubag,ensemble,logistic_regression,10,library_defaults,balanced_accuracy,0.8277770616579916,0.005563691837814902,5,13.44309959411621
adult,ubag,ensemble,logistic_regression,10,library_defaults,macro_f1,0.7781543571326844,0.004399615718044768,5,13.44309959411621
bank-marketing,base,baseline,decision_tree,10,library_defaults,auprc,0.2859416670311352,0.008681231970185456,5,0.7828934669494629
bank-marketing,base,baseline,decision_tree,10,library_defaults,balanced_accuracy,0.7045317849443006,0.006681192214658142,5,0.7828934669494629
bank-marketing,base,baseline,decision_tree,10,library_defaults,macro_f1,0.7018424778586433,0.005900870563990575,5,0.7828934669494629
bank-marketing,base,baseline,logistic_regression,10,library_defaults,auprc,0.5522023370943643,0.021547279014783937,5,0.8621462345123291
bank-marketing,base,baseline,logistic_regression,10,library_defaults,balanced_accuracy,0.6602605811150358,0.006899809875116475,5,0.8621462345123291
bank-marketing,base,baseline,logistic_regression,10,library_defaults,macro_f1,0.6982837203275236,0.0066329223765676385,5,0.8621462345123291
bank-marketing,cost,ensemble,decision_tree,10,library_defaults,auprc,0.3365486580446394,0.00904499611430358,5,5.717140150070191
bank-marketing,cost,ensemble,decision_tree,10,library_defaults,balanced_accuracy,0.7039009303890336,0.007402507609152734,5,5.717140150070191
bank-marketing,cost,ensemble,decision_tree,10,library_defaults,macro_f1,0.7043482949722796,0.0065166020701306875,5,5.717140150070191
bank-marketing,cost,ensemble,logistic_regression,10,library_defaults,auprc,0.45145420626429267,0.017532532449470922,5,2.1242984771728515
bank-marketing,cost,ensemble,logistic_regression,10,library_defaults,balanced_accuracy,0.6993364038340989,0.03833070023409032,5,2.1242984771728515
bank-marketing,cost,ensemble,logistic_regression,10,library_defaults,macro_f1,0.7065176288600712,0.01742092545784238,5,2.1242984771728515
bank-marketing,enn,resampling,decision_tree,10,library_defaults,auprc,0.3387534069218385,0.010992464458431836,5,5.379801034927368
bank-marketing,enn,resampling,decision_tree,10,library_defaults,balanced_accuracy,0.7803477755553923,0.007590141336581727,5,5.379801034927368
bank-marketing,enn,resampling,decision_tree,10,library_defaults,macro_f1,0.7287926406873312,0.006831438093772044,5,5.379801034927368
bank-marketing,enn,resampling,logistic_regression,10,library_defaults,auprc,0.5503255063418002,0.022981637413323448,5,5.579579305648804
bank-marketing,enn,resampling,logistic_regression,10,library_defaults,balanced_accuracy,0.7714961885648108,0.01106682492012996,5,5.579579305648804
bank-marketing,enn,resampling,logistic_regression,10,library_defaults,macro_f1,0.7570493408951672,0.009420288536486883,5,5.579579305648804
bank-marketing,obag,ensemble,decision_tree,10,library_defaults,auprc,0.5171919650233792,0.011395276577575966,5,7.18834228515625
bank-marketing,obag,ensemble,decision_tree,10,library_defaults,balanced_accuracy,0.6710461919962285,0.009815810147091777,5,7.18834228515625
bank-marketing,obag,ensemble,decision_tree,10,library_defaults,macro_f1,0.7038090201916609,0.008635452556473045,5,7.18834228515625
bank-marketing,obag,ensemble,logistic_regression,10,library_defaults,auprc,0.5467630789356928,0.023585371453746583,5,9.699288892745972
bank-marketing,obag,ensemble,logistic_regression,10,library_defaults,balanced_accuracy,0.8321339292262472,0.005562145620588352,5,9.699288892745972
bank-marketing,obag,ensemble,logistic_regression,10,library_defaults,macro_f1,0.7292024645319248,0.004826507518007253,5,9.699288892745972
bank-marketing,rus,resampling,decision_tree,10,library_defaults,auprc,0.2964000650967672,0.004472285142426534,5,0.3889286041259765
bank-marketing,rus,resampling,decision_tree,10,library_defaults,balanced_accuracy,0.7949786107972268,0.003601490602946411,5,0.3889286041259765
bank-marketing,rus,resampling,decision_tree,10,library_defaults,macro_f1,0.6776701514830897,0.00357102647776549,5,0.3889286041259765
bank-marketing,rus,resampling,logistic_regression,10,library_defaults,auprc,0.5466404328004033,0.023203730950516043,5,0.34810900688171387
bank-marketing,rus,resampling,logistic_regression,10,library_defaults,balanced_accuracy,0.8316716233112121,0.006261469037013959,5,0.34810900688171387
bank-marketing,rus,resampling,logistic_regression,10,library_defaults,macro_f1,0.7280196876347368,0.005740429663573073,5,0.34810900688171387
bank-marketing,sbag,ensemble,decision_tree,10,library_defaults,auprc,0.5185354336011107,0.015611957186559357,5,12.617464637756347
bank-marketing,sbag,ensemble,decision_tree,10,library_defaults,balanced_accuracy,0.6889542783936715,0.007473679345437692,5,12.617464637756347
bank-marketing,sbag,ensemble,decision_tree,10,library_defaults,macro_f1,0.7173504640297014,0.006124874133650953,5,12.617464637756347
bank-marketing,sbag,ensemble,logistic_regression,10,library_defaults,auprc,0.5468413709318681,0.023730467619860172,5,11.487152576446533
bank-marketing,sbag,ensemble,logistic_regression,10,library_defaults,balanced_accuracy,0.8315745066312227,0.006369863965258371,5,11.487152576446533
bank-marketing,sbag,ensemble,logistic_regression,10,library_defaults,macro_f1,0.729992029671725,0.005198699095878566,5,11.487152576446533
bank-marketing,smote,resampling,decision_tree,10,library_defaults,auprc,0.3007168209427025,0.0056231718816723225,5,2.0079425811767577
bank-marketing,smote,resampling,decision_tree,10,library_defaults,balanced_accuracy,0.7164982595138587,0.005195171849319313,5,2.0079425811767577
bank-marketing,smote,resampling,decision_tree,10,library_defaults,macro_f1,0.7116947601101231,0.003624567421689199,5,2.0079425811767577
bank-marketing,smote,resampling,logistic_regression,10,library_defaults,auprc,0.5465886118053926,0.023154213561798222,5,1.3836877822875977
bank-marketing,smote,resampling,logistic_regression,10,library_defaults,balanced_accuracy,0.8294844323272006,0.005735682943576964,5,1.3836877822875977
bank-marketing,smote,resampling,logistic_regression,10,library_defaults,macro_f1,0.7297721757257543,0.005205278662260563,5,1.3836877822875977
bank-marketing,spe,ensemble,decision_tree,10,library_defaults,auprc,0.5142955590613081,0.01600785851994128,5,1.4663331031799316
bank-marketing,spe,ensemble,decision_tree,10,library_defaults,balanced_accuracy,0.78137478212124,0.00701139586186532,5,1.4663331031799316
bank-marketing,spe,ensemble,decision_tree,10,library_defaults,macro_f1,0.7516855780911241,0.007167973389919972,5,1.4663331031799316
bank-marketing,spe,ensemble,logistic_regression,10,library_defaults,auprc,0.5428807386008896,0.01578645085323847,5,1.8521982192993165
bank-marketing,spe,ensemble,logistic_regression,10,library_defaults,balanced_accuracy,0.8026420492568853,0.0052369750158509365,5,1.8521982192993165
bank-marketing,spe,ensemble,logistic_regression,10,library_defaults,macro_f1,0.7405850275722441,0.0027341164018151046,5,1.8521982192993165
bank-marketing,tomek,resampling,decision_tree,10,library_defaults,auprc,0.30264300475954076,0.011272469836250529,5,6.056414794921875
bank-marketing,tomek,resampling,decision_tree,10,library_defaults,balanced_accuracy,0.7226301167882632,0.009518983933820972,5,6.056414794921875
bank-marketing,tomek,resampling,decision_tree,10,library_defaults,macro_f1,0.7125260880498099,0.007360665876335792,5,6.056414794921875
bank-marketing,tomek,resampling,logistic_regression,10,library_defaults,auprc,0.5528841081610747,0.021771407683388946,5,6.171620655059814
bank-marketing,tomek,resampling,logistic_regression,10,library_defaults,balanced_accuracy,0.680810203273336,0.007255589148128282,5,6.171620655059814
bank-marketing,tomek,resampling,logistic_regression,10,library_defaults,macro_f1,0.7152022244024537,0.005607429684283837,5,6.171620655059814
bank-marketing,ubag,ensemble,decision_tree,10,library_defaults,auprc,0.5234776994830808,0.008651150308376406,5,1.4922207355499268
bank-marketing,ubag,ensemble,decision_tree,10,library_defaults,balanced_accuracy,0.835471394260901,0.007557253415281528,5,1.4922207355499268
bank-marketing,ubag,ensemble,decision_tree,10,library_defaults,macro_f1,0.751152884898884,0.005852975741380823,5,1.4922207355499268
bank-marketing,ubag,ensemble,logistic_regression,10,library_defaults,auprc,0.5464084521813033,0.023634589467954492,5,1.29319167137146
bank-marketing,ubag,ensemble,logistic_regression,10,library_defaults,balanced_accuracy,0.8326831008842651,0.004619985949346493,5,1.29319167137146
bank-marketing,ubag,ensemble,logistic_regression,10,library_defaults,macro_f1,0.7293440913444986,0.004237743930301409,5,1.29319167137146
blood-transfusion-service-center,base,baseline,decision_tree,10,library_defaults,auprc,0.295453206777791,0.027233221019484232,5,0.01382260322570796
blood-transfusion-service-center,base,baseline,decision_tree,10,library_defaults,balanced_accuracy,0.5662865497076023,0.023122321297830647,5,0.01382260322570796
blood-transfusion-service-center,base,baseline,decision_tree,10,library_defaults,macro_f1,0.5689900746450318,0.02521926025527927,5,0.01382260322570796
blood-transfusion-service-center,base,baseline,logistic_regression,10,library_defaults,auprc,0.5132146775946549,0.07430636324236503,5,0.01994328498840326
blood-transfusion-service-center,base,baseline,logistic_regression,10,library_defaults,balanced_accuracy,0.5493065998329156,0.03456371411921907,5,0.01994328498840326
blood-transfusion-service-center,base,baseline,logistic_regression,10,library_defaults,macro_f1,0.5352371864780145,0.051038848878974835,5,0.01994328498840326
blood-transfusion-service-center,cost,cost_sensitive,decision_tree,10,library_defaults,auprc,0.33242986495384796,0.028426794378524682,5,0.050926113128662076
blood-transfusion-service-center,cost,cost_sensitive,decision_tree,10,library_defaults,balanced_accuracy,0.581357560568087,0.02345282631677603,5,0.050926113128662076
blood-transfusion-service-center,cost,cost_sensitive,decision_tree,10,library_defaults,macro_f1,0.5854606873547435,0.02778766474560222,5,0.050926113128662076
blood-transfusion-service-center,cost,cost_sensitive,logistic_regression,10,library_defaults,auprc,0.5019615918721004,0.015542395820185791,3,0.07120267550150547
blood-transfusion-service-center,cost,cost_sensitive,logistic_regression,10,library_defaults,balanced_accuracy,0.6138888888888889,0.06285758296771111,3,0.07120267550150547
blood-transfusion-service-center,cost,cost_sensitive,logistic_regression,10,library_defaults,macro_f1,0.6157762610176403,0.07294610615143739,3,0.07120267550150547
blood-transfusion-service-center,enn,resampling,decision_tree,10,library_defaults,auprc,0.32098010276888245,0.035082663884724065,5,0.017945671081542918
blood-transfusion-service-center,enn,resampling,decision_tree,10,library_defaults,balanced_accuracy,0.6275229741019215,0.040627190014267456,5,0.017945671081542918
blood-transfusion-service-center,enn,resampling,decision_tree,10,library_defaults,macro_f1,0.5906926221199847,0.04240748079473229,5,0.017945671081542918
blood-transfusion-service-center,enn,resampling,logistic_regression,10,library_defaults,auprc,0.5073253699855601,0.0758397404774545,5,0.0244277954101562
blood-transfusion-service-center,enn,resampling,logistic_regression,10,library_defaults,balanced_accuracy,0.6921804511278196,0.035011362321156765,5,0.0244277954101562
blood-transfusion-service-center,enn,resampling,logistic_regression,10,library_defaults,macro_f1,0.6417188566427434,0.024442454593205848,5,0.0244277954101562
blood-transfusion-service-center,obag,ensemble,decision_tree,10,library_defaults,auprc,0.3816303151386497,0.03204951585151056,5,0.06753253936767574
blood-transfusion-service-center,obag,ensemble,decision_tree,10,library_defaults,balanced_accuracy,0.6052923976608187,0.04013039171987078,5,0.06753253936767574
blood-transfusion-service-center,obag,ensemble,decision_tree,10,library_defaults,macro_f1,0.6039884446431082,0.03869422064516161,5,0.06753253936767574
blood-transfusion-service-center,obag,ensemble,logistic_regression,10,library_defaults,auprc,0.5141242161585137,0.07695678742120092,5,0.11059727668762202
blood-transfusion-service-center,obag,ensemble,logistic_regression,10,library_defaults,balanced_accuracy,0.6868755221386801,0.03121485509158655,5,0.11059727668762202
blood-transfusion-service-center,obag,ensemble,logistic_regression,10,library_defaults,macro_f1,0.6189199694429875,0.024724688642817367,5,0.11059727668762202
blood-transfusion-service-center,rus,resampling,decision_tree,10,library_defaults,auprc,0.31737652115168247,0.018569757746262506,5,0.01521048545837396
blood-transfusion-service-center,rus,resampling,decision_tree,10,library_defaults,balanced_accuracy,0.6159732664995823,0.0244674136436548,5,0.01521048545837396
blood-transfusion-service-center,rus,resampling,decision_tree,10,library_defaults,macro_f1,0.593632796485144,0.022477862403233947,5,0.01521048545837396
blood-transfusion-service-center,rus,resampling,logistic_regression,10,library_defaults,auprc,0.4934997609112492,0.07138857983931586,5,0.02308292388916012
blood-transfusion-service-center,rus,resampling,logistic_regression,10,library_defaults,balanced_accuracy,0.6763492063492065,0.035619854076353104,5,0.02308292388916012
blood-transfusion-service-center,rus,resampling,logistic_regression,10,library_defaults,macro_f1,0.6049122098637812,0.025327784691560506,5,0.02308292388916012
blood-transfusion-service-center,sbag,ensemble,decision_tree,10,library_defaults,auprc,0.3721924659410477,0.027640138470773474,5,0.08442854881286618
blood-transfusion-service-center,sbag,ensemble,decision_tree,10,library_defaults,balanced_accuracy,0.6058103592314119,0.01695351022878814,5,0.08442854881286618
blood-transfusion-service-center,sbag,ensemble,decision_tree,10,library_defaults,macro_f1,0.6045249454747987,0.019962839748281357,5,0.08442854881286618
blood-transfusion-service-center,sbag,ensemble,logistic_regression,10,library_defaults,auprc,0.5153467298190282,0.07734280623275046,5,0.1274240970611572
blood-transfusion-service-center,sbag,ensemble,logistic_regression,10,library_defaults,balanced_accuracy,0.6849749373433585,0.03624492688415464,5,0.1274240970611572
blood-transfusion-service-center,sbag,ensemble,logistic_regression,10,library_defaults,macro_f1,0.6181103845957271,0.02790226601266033,5,0.1274240970611572
blood-transfusion-service-center,smote,resampling,decision_tree,10,library_defaults,auprc,0.30397288992394855,0.04015166826262243,5,0.019677734374999957
blood-transfusion-service-center,smote,resampling,decision_tree,10,library_defaults,balanced_accuracy,0.576345029239766,0.05367721669509939,5,0.019677734374999957
blood-transfusion-service-center,smote,resampling,decision_tree,10,library_defaults,macro_f1,0.5722987075786549,0.05412723183108761,5,0.019677734374999957
blood-transfusion-service-center,smote,resampling,logistic_regression,10,library_defaults,auprc,0.5177576770166111,0.07436703014439719,5,0.02479972839355464
blood-transfusion-service-center,smote,resampling,logistic_regression,10,library_defaults,balanced_accuracy,0.6927234753550543,0.040336779688559456,5,0.02479972839355464
blood-transfusion-service-center,smote,resampling,logistic_regression,10,library_defaults,macro_f1,0.629753927782441,0.029913527890582242,5,0.02479972839355464
blood-transfusion-service-center,spe,ensemble,decision_tree,10,library_defaults,auprc,0.4116139071566172,0.049372885706215716,5,0.06780023574829099
blood-transfusion-service-center,spe,ensemble,decision_tree,10,library_defaults,balanced_accuracy,0.6312990810359231,0.061501669815350636,5,0.06780023574829099
blood-transfusion-service-center,spe,ensemble,decision_tree,10,library_defaults,macro_f1,0.607405744477512,0.055708516660097226,5,0.06780023574829099
blood-transfusion-service-center,spe,ensemble,logistic_regression,10,library_defaults,auprc,0.5143213364979641,0.05665760311429544,5,0.11419062614440911
blood-transfusion-service-center,spe,ensemble,logistic_regression,10,library_defaults,balanced_accuracy,0.6785547201336675,0.023237334340285406,5,0.11419062614440911
blood-transfusion-service-center,spe,ensemble,logistic_regression,10,library_defaults,macro_f1,0.6041111529098188,0.01535959607281835,5,0.11419062614440911
blood-transfusion-service-center,tomek,resampling,decision_tree,10,library_defaults,auprc,0.32258041351085576,0.029911500929985832,5,0.01853432655334468
blood-transfusion-service-center,tomek,resampling,decision_tree,10,library_defaults,balanced_accuracy,0.5932247284878864,0.026244992520486878,5,0.01853432655334468
blood-transfusion-service-center,tomek,resampling,decision_tree,10,library_defaults,macro_f1,0.5935772739525629,0.025944462946158025,5,0.01853432655334468
blood-transfusion-service-center,tomek,resampling,logistic_regression,10,library_defaults,auprc,0.5109144070550455,0.07522470361642779,5,0.02629189491271966
blood-transfusion-service-center,tomek,resampling,logistic_regression,10,library_defaults,balanced_accuracy,0.5824519632414369,0.02997704852541333,5,0.02629189491271966
blood-transfusion-service-center,tomek,resampling,logistic_regression,10,library_defaults,macro_f1,0.586398820062319,0.04021174946791062,5,0.02629189491271966
blood-transfusion-service-center,ubag,ensemble,decision_tree,10,library_defaults,auprc,0.41909993441838456,0.04178812916458341,5,0.06603026390075678
blood-transfusion-service-center,ubag,ensemble,decision_tree,10,library_defaults,balanced_accuracy,0.646967418546366,0.03149303122888119,5,0.06603026390075678
blood-transfusion-service-center,ubag,ensemble,decision_tree,10,library_defaults,macro_f1,0.6304805288890819,0.03519542621517394,5,0.06603026390075678
blood-transfusion-service-center,ubag,ensemble,logistic_regression,10,library_defaults,auprc,0.5120167039015441,0.07477586042349475,5,0.1064181804656982
blood-transfusion-service-center,ubag,ensemble,logistic_regression,10,library_defaults,balanced_accuracy,0.6925104427736007,0.03614756872971445,5,0.1064181804656982
blood-transfusion-service-center,ubag,ensemble,logistic_regression,10,library_defaults,macro_f1,0.6224794624556207,0.03157598186356805,5,0.1064181804656982
haberman,base,baseline,decision_tree,10,library_defaults,auprc,0.297805971829063,0.041362344798492386,5,0.0165699958801269
haberman,base,baseline,decision_tree,10,library_defaults,balanced_accuracy,0.5543137254901961,0.06670427430294379,5,0.0165699958801269
haberman,base,baseline,decision_tree,10,library_defaults,macro_f1,0.5476280803329161,0.06272051386816618,5,0.0165699958801269
haberman,base,baseline,logistic_regression,10,library_defaults,auprc,0.4935672938787773,0.10822740050843344,5,0.0212058067321777
haberman,base,baseline,logistic_regression,10,library_defaults,balanced_accuracy,0.5516748366013072,0.05275450224333252,5,0.0212058067321777
haberman,base,baseline,logistic_regression,10,library_defaults,macro_f1,0.5360917224789298,0.0789620420238891,5,0.0212058067321777
haberman,cost,cost_sensitive,decision_tree,10,library_defaults,auprc,0.329021460211879,0.02661844373948295,5,0.047563838958740154
haberman,cost,cost_sensitive,decision_tree,10,library_defaults,balanced_accuracy,0.5749673202614379,0.047331035793691294,5,0.047563838958740154
haberman,cost,cost_sensitive,decision_tree,10,library_defaults,macro_f1,0.5740551672372404,0.04511375065350713,5,0.047563838958740154
haberman,cost,cost_sensitive,logistic_regression,10,library_defaults,auprc,0.43488263788319664,0.06990398472111868,2,0.07639873027801511
haberman,cost,cost_sensitive,logistic_regression,10,library_defaults,balanced_accuracy,0.6594362745098039,0.07030628698562313,2,0.07639873027801511
haberman,cost,cost_sensitive,logistic_regression,10,library_defaults,macro_f1,0.6679644048943271,0.07419770822239262,2,0.07639873027801511
haberman,enn,resampling,decision_tree,10,library_defaults,auprc,0.29427460921246595,0.03257840161060911,5,0.018872308731079042
haberman,enn,resampling,decision_tree,10,library_defaults,balanced_accuracy,0.5570751633986928,0.057437367159313406,5,0.018872308731079042
haberman,enn,resampling,decision_tree,10,library_defaults,macro_f1,0.5107868296976884,0.02491312788646203,5,0.018872308731079042
haberman,enn,resampling,logistic_regression,10,library_defaults,auprc,0.503048958607519,0.11619873124564525,5,0.02392082214355466
haberman,enn,resampling,logistic_regression,10,library_defaults,balanced_accuracy,0.6677124183006536,0.06455625990562565,5,0.02392082214355466
haberman,enn,resampling,logistic_regression,10,library_defaults,macro_f1,0.6632141188383907,0.06143011320668935,5,0.02392082214355466
haberman,obag,ensemble,decision_tree,10,library_defaults,auprc,0.38331056313900674,0.07897185115750038,5,0.06492586135864253
haberman,obag,ensemble,decision_tree,10,library_defaults,balanced_accuracy,0.529640522875817,0.06733564399458757,5,0.06492586135864253
haberman,obag,ensemble,decision_tree,10,library_defaults,macro_f1,0.5231972844210491,0.07881901475909951,5,0.06492586135864253
haberman,obag,ensemble,logistic_regression,10,library_defaults,auprc,0.5044176552784551,0.11304426894357385,5,0.10036549568176265
haberman,obag,ensemble,logistic_regression,10,library_defaults,balanced_accuracy,0.6702205882352941,0.06944938227350653,5,0.10036549568176265
haberman,obag,ensemble,logistic_regression,10,library_defaults,macro_f1,0.6616769110993725,0.057641290949519516,5,0.10036549568176265
haberman,rus,resampling,decision_tree,10,library_defaults,auprc,0.276977701738632,0.027112638939793193,5,0.01830258369445798
haberman,rus,resampling,decision_tree,10,library_defaults,balanced_accuracy,0.5133578431372549,0.07490210603933722,5,0.01830258369445798
haberman,rus,resampling,decision_tree,10,library_defaults,macro_f1,0.4851599132231471,0.06656419157528172,5,0.01830258369445798
haberman,rus,resampling,logistic_regression,10,library_defaults,auprc,0.5052849271213808,0.11557615591351744,5,0.02465538978576656
haberman,rus,resampling,logistic_regression,10,library_defaults,balanced_accuracy,0.6735947712418301,0.08252210108988968,5,0.02465538978576656
haberman,rus,resampling,logistic_regression,10,library_defaults,macro_f1,0.6690131860993542,0.07981925861468192,5,0.02465538978576656
haberman,sbag,ensemble,decision_tree,10,library_defaults,auprc,0.39919940405085647,0.0658053928027814,5,0.0806139469146728
haberman,sbag,ensemble,decision_tree,10,library_defaults,balanced_accuracy,0.5626960784313726,0.0457580017160656,5,0.0806139469146728
haberman,sbag,ensemble,decision_tree,10,library_defaults,macro_f1,0.5617356996510138,0.05374914387552856,5,0.0806139469146728
haberman,sbag,ensemble,logistic_regression,10,library_defaults,auprc,0.5056887049801873,0.11265324584724415,5,0.11712474822998045
haberman,sbag,ensemble,logistic_regression,10,library_defaults,balanced_accuracy,0.6657761437908497,0.0676269047959077,5,0.11712474822998045
haberman,sbag,ensemble,logistic_regression,10,library_defaults,macro_f1,0.6559727375694393,0.0544829870668247,5,0.11712474822998045
haberman,smote,resampling,decision_tree,10,library_defaults,auprc,0.2963510602909497,0.04395253521363276,5,0.01935458183288568
haberman,smote,resampling,decision_tree,10,library_defaults,balanced_accuracy,0.5526633986928104,0.0641021735341368,5,0.01935458183288568
haberman,smote,resampling,decision_tree,10,library_defaults,macro_f1,0.5462753562463578,0.061553180333521564,5,0.01935458183288568
haberman,smote,resampling,logistic_regression,10,library_defaults,auprc,0.5020405442211163,0.12232056380037445,5,0.02520446777343746
haberman,smote,resampling,logistic_regression,10,library_defaults,balanced_accuracy,0.6651225490196079,0.05670838382233223,5,0.02520446777343746
haberman,smote,resampling,logistic_regression,10,library_defaults,macro_f1,0.6614516137025847,0.05248905361465067,5,0.02520446777343746
haberman,spe,ensemble,decision_tree,10,library_defaults,auprc,0.3888854015770586,0.11421261602579363,5,0.06775164604187009
haberman,spe,ensemble,decision_tree,10,library_defaults,balanced_accuracy,0.5897957516339869,0.05360480680542414,5,0.06775164604187009
haberman,spe,ensemble,decision_tree,10,library_defaults,macro_f1,0.5812460295360331,0.04915927790746382,5,0.06775164604187009
haberman,spe,ensemble,logistic_regression,10,library_defaults,auprc,0.3380894588638263,0.10081148048209292,5,0.1084766864776611
haberman,spe,ensemble,logistic_regression,10,library_defaults,balanced_accuracy,0.5340522875816993,0.1355169318227816,5,0.1084766864776611
haberman,spe,ensemble,logistic_regression,10,library_defaults,macro_f1,0.47499168929339025,0.16235083873986486,5,0.1084766864776611
haberman,tomek,resampling,decision_tree,10,library_defaults,auprc,0.305467994469832,0.044490173396191796,5,0.01912026405334468
haberman,tomek,resampling,decision_tree,10,library_defaults,balanced_accuracy,0.564142156862745,0.06919508044894908,5,0.01912026405334468
haberman,tomek,resampling,decision_tree,10,library_defaults,macro_f1,0.5564341563299526,0.0733363168574418,5,0.01912026405334468
haberman,tomek,resampling,logistic_regression,10,library_defaults,auprc,0.49763653878834446,0.10672162132726828,5,0.025828313827514597
haberman,tomek,resampling,logistic_regression,10,library_defaults,balanced_accuracy,0.5895098039215687,0.05386665200874161,5,0.025828313827514597
haberman,tomek,resampling,logistic_regression,10,library_defaults,macro_f1,0.5905765993157692,0.0677559469151032,5,0.025828313827514597
haberman,ubag,ensemble,decision_tree,10,library_defaults,auprc,0.3779634927688346,0.050185753799720005,5,0.06266760826110834
haberman,ubag,ensemble,decision_tree,10,library_defaults,balanced_accuracy,0.5860866013071895,0.03042884726150599,5,0.06266760826110834
haberman,ubag,ensemble,decision_tree,10,library_defaults,macro_f1,0.5769374418158281,0.02870201036297882,5,0.06266760826110834
haberman,ubag,ensemble,logistic_regression,10,library_defaults,auprc,0.5021838340452467,0.12213137530451411,5,0.104997968673706
haberman,ubag,ensemble,logistic_regression,10,library_defaults,balanced_accuracy,0.6698039215686274,0.06787885483720552,5,0.104997968673706
haberman,ubag,ensemble,logistic_regression,10,library_defaults,macro_f1,0.6585630736883223,0.055190975580682436,5,0.104997968673706
ibm-employee-attrition,base,baseline,decision_tree,10,library_defaults,auprc,0.21722965950414302,0.026498369205251178,5,0.0835483074188232
ibm-employee-attrition,base,baseline,decision_tree,10,library_defaults,balanced_accuracy,0.6016420099488272,0.03460847841702487,5,0.0835483074188232
ibm-employee-attrition,base,baseline,decision_tree,10,library_defaults,macro_f1,0.5954196375962957,0.03628495492102989,5,0.0835483074188232
ibm-employee-attrition,base,baseline,logistic_regression,10,library_defaults,auprc,0.6278706465416752,0.05819058572904731,5,0.07262568473815915
ibm-employee-attrition,base,baseline,logistic_regression,10,library_defaults,balanced_accuracy,0.6951327756289449,0.02406192931061784,5,0.07262568473815915
ibm-employee-attrition,base,baseline,logistic_regression,10,library_defaults,macro_f1,0.7315964141548086,0.02860261530259759,5,0.07262568473815915
ibm-employee-attrition,cost,ensemble,decision_tree,10,library_defaults,auprc,0.26707432202373066,0.041626311640492665,5,0.28590984344482423
ibm-employee-attrition,cost,ensemble,decision_tree,10,library_defaults,balanced_accuracy,0.6159859807046257,0.03915481888388707,5,0.28590984344482423
ibm-employee-attrition,cost,ensemble,decision_tree,10,library_defaults,macro_f1,0.6141025071202767,0.04423798546529667,5,0.28590984344482423
ibm-employee-attrition,cost,ensemble,logistic_regression,10,library_defaults,auprc,0.4574672904257331,0.061342057576761595,5,0.12045869827270501
ibm-employee-attrition,cost,ensemble,logistic_regression,10,library_defaults,balanced_accuracy,0.6139650857863993,0.032781424611827474,5,0.12045869827270501
ibm-employee-attrition,cost,ensemble,logistic_regression,10,library_defaults,macro_f1,0.6369433142159792,0.0407954010867414,5,0.12045869827270501
ibm-employee-attrition,enn,resampling,decision_tree,10,library_defaults,auprc,0.22715393937842782,0.027096171719437408,5,0.09933934211730952
ibm-employee-attrition,enn,resampling,decision_tree,10,library_defaults,balanced_accuracy,0.6299659527896424,0.03652637989667125,5,0.09933934211730952
ibm-employee-attrition,enn,resampling,decision_tree,10,library_defaults,macro_f1,0.5950943282143006,0.033502109947510746,5,0.09933934211730952
ibm-employee-attrition,enn,resampling,logistic_regression,10,library_defaults,auprc,0.6278870688032581,0.05569277490900688,5,0.08650765419006344
ibm-employee-attrition,enn,resampling,logistic_regression,10,library_defaults,balanced_accuracy,0.7278397770302968,0.034839804903561075,5,0.08650765419006344
ibm-employee-attrition,enn,resampling,logistic_regression,10,library_defaults,macro_f1,0.7328489634307029,0.04003562936421434,5,0.08650765419006344
ibm-employee-attrition,obag,ensemble,decision_tree,10,library_defaults,auprc,0.41356109902208066,0.025436972489451776,5,0.28520774841308594
ibm-employee-attrition,obag,ensemble,decision_tree,10,library_defaults,balanced_accuracy,0.5952206227366348,0.018564032273433423,5,0.28520774841308594
ibm-employee-attrition,obag,ensemble,decision_tree,10,library_defaults,macro_f1,0.6193083673168791,0.024873170435022726,5,0.28520774841308594
ibm-employee-attrition,obag,ensemble,logistic_regression,10,library_defaults,auprc,0.5976373909338214,0.02972041442472522,5,0.44539990425109866
ibm-employee-attrition,obag,ensemble,logistic_regression,10,library_defaults,balanced_accuracy,0.7434612381968854,0.012712195272341015,5,0.44539990425109866
ibm-employee-attrition,obag,ensemble,logistic_regression,10,library_defaults,macro_f1,0.6796540804594049,0.015488078847730359,5,0.44539990425109866
ibm-employee-attrition,rus,resampling,decision_tree,10,library_defaults,auprc,0.21577743208647487,0.014288240419760845,5,0.06127204895019526
ibm-employee-attrition,rus,resampling,decision_tree,10,library_defaults,balanced_accuracy,0.6296974654161651,0.02651778142752638,5,0.06127204895019526
ibm-employee-attrition,rus,resampling,decision_tree,10,library_defaults,macro_f1,0.5504658332116776,0.015551811710974557,5,0.06127204895019526
ibm-employee-attrition,rus,resampling,logistic_regression,10,library_defaults,auprc,0.5576331661255092,0.04978545441210345,5,0.06478195190429684
ibm-employee-attrition,rus,resampling,logistic_regression,10,library_defaults,balanced_accuracy,0.7412983478615904,0.014517078039851658,5,0.06478195190429684
ibm-employee-attrition,rus,resampling,logistic_regression,10,library_defaults,macro_f1,0.6497211796224416,0.01822555062533364,5,0.06478195190429684
ibm-employee-attrition,sbag,ensemble,decision_tree,10,library_defaults,auprc,0.4349789554903675,0.03946132337344334,5,0.4645096302032471
ibm-employee-attrition,sbag,ensemble,decision_tree,10,library_defaults,balanced_accuracy,0.6024870754888099,0.03310917138901541,5,0.4645096302032471
ibm-employee-attrition,sbag,ensemble,decision_tree,10,library_defaults,macro_f1,0.6256998955410366,0.03918741526898041,5,0.4645096302032471
ibm-employee-attrition,sbag,ensemble,logistic_regression,10,library_defaults,auprc,0.5978702086569012,0.02682521323995411,5,0.6210461139678956
ibm-employee-attrition,sbag,ensemble,logistic_regression,10,library_defaults,balanced_accuracy,0.7436545193419459,0.022273427180572316,5,0.6210461139678956
ibm-employee-attrition,sbag,ensemble,logistic_regression,10,library_defaults,macro_f1,0.6857598282821484,0.019192508257387712,5,0.6210461139678956
ibm-employee-attrition,smote,resampling,decision_tree,10,library_defaults,auprc,0.2506554282905576,0.060884845244576644,5,0.10574088096618646
ibm-employee-attrition,smote,resampling,decision_tree,10,library_defaults,balanced_accuracy,0.6366951419105026,0.06190391781640985,5,0.10574088096618646
ibm-employee-attrition,smote,resampling,decision_tree,10,library_defaults,macro_f1,0.627218054591999,0.0574440195310855,5,0.10574088096618646
ibm-employee-attrition,smote,resampling,logistic_regression,10,library_defaults,auprc,0.5797856978049719,0.03756658166301229,5,0.08705058097839352
ibm-employee-attrition,smote,resampling,logistic_regression,10,library_defaults,balanced_accuracy,0.7359985979479056,0.01970569166181503,5,0.08705058097839352
ibm-employee-attrition,smote,resampling,logistic_regression,10,library_defaults,macro_f1,0.6640160557314208,0.012624321404284844,5,0.08705058097839352
ibm-employee-attrition,spe,ensemble,decision_tree,10,library_defaults,auprc,0.35551053088866746,0.033241783024273795,5,0.161279821395874
ibm-employee-attrition,spe,ensemble,decision_tree,10,library_defaults,balanced_accuracy,0.6416534217564589,0.023871013102281027,5,0.161279821395874
ibm-employee-attrition,spe,ensemble,decision_tree,10,library_defaults,macro_f1,0.6321405992531309,0.022407808085437256,5,0.161279821395874
ibm-employee-attrition,spe,ensemble,logistic_regression,10,library_defaults,auprc,0.6150542369282149,0.05930316141202528,5,0.23411278724670406
ibm-employee-attrition,spe,ensemble,logistic_regression,10,library_defaults,balanced_accuracy,0.7536675882953162,0.021206841226817364,5,0.23411278724670406
ibm-employee-attrition,spe,ensemble,logistic_regression,10,library_defaults,macro_f1,0.7004481362176471,0.02375235397379082,5,0.23411278724670406
ibm-employee-attrition,tomek,resampling,decision_tree,10,library_defaults,auprc,0.22468176024976935,0.0392040041167319,5,0.10192799568176265
ibm-employee-attrition,tomek,resampling,decision_tree,10,library_defaults,balanced_accuracy,0.6127851595026848,0.04681450159362688,5,0.10192799568176265
ibm-employee-attrition,tomek,resampling,decision_tree,10,library_defaults,macro_f1,0.601088875231919,0.04448406920200477,5,0.10192799568176265
ibm-employee-attrition,tomek,resampling,logistic_regression,10,library_defaults,auprc,0.6274284323083723,0.0610740983904872,5,0.08996653556823726
ibm-employee-attrition,tomek,resampling,logistic_regression,10,library_defaults,balanced_accuracy,0.7065922141638076,0.028313418557781852,5,0.08996653556823726
ibm-employee-attrition,tomek,resampling,logistic_regression,10,library_defaults,macro_f1,0.7410968098477669,0.030300354212211673,5,0.08996653556823726
ibm-employee-attrition,ubag,ensemble,decision_tree,10,library_defaults,auprc,0.432425863613886,0.032115688468214776,5,0.15665030479431147
ibm-employee-attrition,ubag,ensemble,decision_tree,10,library_defaults,balanced_accuracy,0.6841911404244114,0.01418788116785018,5,0.15665030479431147
ibm-employee-attrition,ubag,ensemble,decision_tree,10,library_defaults,macro_f1,0.6669539289281394,0.019971381257499067,5,0.15665030479431147
ibm-employee-attrition,ubag,ensemble,logistic_regression,10,library_defaults,auprc,0.6126397033145934,0.03809560898156563,5,0.22185339927673337
ibm-employee-attrition,ubag,ensemble,logistic_regression,10,library_defaults,balanced_accuracy,0.7521882946508421,0.017118997543333073,5,0.22185339927673337
ibm-employee-attrition,ubag,ensemble,logistic_regression,10,library_defaults,macro_f1,0.6773436146044048,0.013261282024702297,5,0.22185339927673337
ilpd-numeric,base,baseline,decision_tree,10,library_defaults,auprc,0.33105891965982187,0.015245431666408845,5,0.019198608398437438
ilpd-numeric,base,baseline,decision_tree,10,library_defaults,balanced_accuracy,0.580143722330115,0.024622956470103825,5,0.019198608398437438
ilpd-numeric,base,baseline,decision_tree,10,library_defaults,macro_f1,0.5744120857848488,0.019790010625266363,5,0.019198608398437438
ilpd-numeric,base,baseline,logistic_regression,10,library_defaults,auprc,0.5139829440495958,0.07155096581843037,5,0.028713369369506782
ilpd-numeric,base,baseline,logistic_regression,10,library_defaults,balanced_accuracy,0.5730481130020464,0.027372063053653205,5,0.028713369369506782
ilpd-numeric,base,baseline,logistic_regression,10,library_defaults,macro_f1,0.5704447647642381,0.03186718128048984,5,0.028713369369506782
ilpd-numeric,cost,cost_sensitive,decision_tree,10,library_defaults,auprc,0.341405984138554,0.017447902142583484,5,0.07900986671447749
ilpd-numeric,cost,cost_sensitive,decision_tree,10,library_defaults,balanced_accuracy,0.5654425954390518,0.03914573641613806,5,0.07900986671447749
ilpd-numeric,cost,cost_sensitive,decision_tree,10,library_defaults,macro_f1,0.5586125113583258,0.0356720375777203,5,0.07900986671447749
ilpd-numeric,cost,cost_sensitive,logistic_regression,10,library_defaults,auprc,0.4421344905633017,0.04100610710920647,5,0.08566741943359373
ilpd-numeric,cost,cost_sensitive,logistic_regression,10,library_defaults,balanced_accuracy,0.6026386677343446,0.03954064614432317,5,0.08566741943359373
ilpd-numeric,cost,cost_sensitive,logistic_regression,10,library_defaults,macro_f1,0.5971240887914953,0.03913890444500841,5,0.08566741943359373
ilpd-numeric,enn,resampling,decision_tree,10,library_defaults,auprc,0.39573129556903225,0.03480420720139286,5,0.02098765373229978
ilpd-numeric,enn,resampling,decision_tree,10,library_defaults,balanced_accuracy,0.6766476908397532,0.0339281695012595,5,0.02098765373229978
ilpd-numeric,enn,resampling,decision_tree,10,library_defaults,macro_f1,0.6154349870228817,0.051055266130311784,5,0.02098765373229978
ilpd-numeric,enn,resampling,logistic_regression,10,library_defaults,auprc,0.4949851149457558,0.07764196517892961,5,0.03152904510498042
ilpd-numeric,enn,resampling,logistic_regression,10,library_defaults,balanced_accuracy,0.7046521456337189,0.03850053307322845,5,0.03152904510498042
ilpd-numeric,enn,resampling,logistic_regression,10,library_defaults,macro_f1,0.6148061007232614,0.036422052685065605,5,0.03152904510498042
ilpd-numeric,obag,ensemble,decision_tree,10,library_defaults,auprc,0.4636822923057492,0.030948077879928045,5,0.08611779212951656
ilpd-numeric,obag,ensemble,decision_tree,10,library_defaults,balanced_accuracy,0.5953535302401355,0.03626032594175881,5,0.08611779212951656
ilpd-numeric,obag,ensemble,decision_tree,10,library_defaults,macro_f1,0.5998453920215627,0.041602965314123566,5,0.08611779212951656
ilpd-numeric,obag,ensemble,logistic_regression,10,library_defaults,auprc,0.5136228833634331,0.07605571656513008,5,0.14596967697143554
ilpd-numeric,obag,ensemble,logistic_regression,10,library_defaults,balanced_accuracy,0.686029756919197,0.02924561893023615,5,0.14596967697143554
ilpd-numeric,obag,ensemble,logistic_regression,10,library_defaults,macro_f1,0.6244987241743745,0.033707211892958465,5,0.14596967697143554
ilpd-numeric,rus,resampling,decision_tree,10,library_defaults,auprc,0.35764320290182355,0.028525699544948133,5,0.01954836845397944
ilpd-numeric,rus,resampling,decision_tree,10,library_defaults,balanced_accuracy,0.6233120411362794,0.029912475490892234,5,0.01954836845397944
ilpd-numeric,rus,resampling,decision_tree,10,library_defaults,macro_f1,0.5872486182090204,0.04114997702292797,5,0.01954836845397944
ilpd-numeric,rus,resampling,logistic_regression,10,library_defaults,auprc,0.5196517067006432,0.07124392646514134,5,0.027641582489013623
ilpd-numeric,rus,resampling,logistic_regression,10,library_defaults,balanced_accuracy,0.6945412666709619,0.03784383729824334,5,0.027641582489013623
ilpd-numeric,rus,resampling,logistic_regression,10,library_defaults,macro_f1,0.6239968672626269,0.03082357900320549,5,0.027641582489013623
ilpd-numeric,sbag,ensemble,decision_tree,10,library_defaults,auprc,0.45930201441848684,0.06185695514456203,5,0.11440458297729486
ilpd-numeric,sbag,ensemble,decision_tree,10,library_defaults,balanced_accuracy,0.5845642309497732,0.05121880588187465,5,0.11440458297729486
ilpd-numeric,sbag,ensemble,decision_tree,10,library_defaults,macro_f1,0.5864470948174202,0.05528322777016964,5,0.11440458297729486
ilpd-numeric,sbag,ensemble,logistic_regression,10,library_defaults,auprc,0.5211340819544479,0.08115678876976982,5,0.17259769439697262
ilpd-numeric,sbag,ensemble,logistic_regression,10,library_defaults,balanced_accuracy,0.684175586992738,0.023078434231887036,5,0.17259769439697262
ilpd-numeric,sbag,ensemble,logistic_regression,10,library_defaults,macro_f1,0.6236323136507105,0.028402614831789838,5,0.17259769439697262
ilpd-numeric,smote,resampling,decision_tree,10,library_defaults,auprc,0.37095966411382236,0.03655375027715084,5,0.02463741302490232
ilpd-numeric,smote,resampling,decision_tree,10,library_defaults,balanced_accuracy,0.6267810738753333,0.0356400371043128,5,0.02463741302490232
ilpd-numeric,smote,resampling,decision_tree,10,library_defaults,macro_f1,0.6243468607209944,0.03474032559229072,5,0.02463741302490232
ilpd-numeric,smote,resampling,logistic_regression,10,library_defaults,auprc,0.5252674951272303,0.07008991953506015,5,0.029161453247070257
ilpd-numeric,smote,resampling,logistic_regression,10,library_defaults,balanced_accuracy,0.6993049355558215,0.04448864463244194,5,0.029161453247070257
ilpd-numeric,smote,resampling,logistic_regression,10,library_defaults,macro_f1,0.6379906443916213,0.04528002879686237,5,0.029161453247070257
ilpd-numeric,spe,ensemble,decision_tree,10,library_defaults,auprc,0.5009089016318441,0.04776655887106196,5,0.07912178039550777
ilpd-numeric,spe,ensemble,decision_tree,10,library_defaults,balanced_accuracy,0.6573610714822621,0.04429095539592921,5,0.07912178039550777
ilpd-numeric,spe,ensemble,decision_tree,10,library_defaults,macro_f1,0.6530835099245246,0.04139660605244167,5,0.07912178039550777
ilpd-numeric,spe,ensemble,logistic_regression,10,library_defaults,auprc,0.525621870920838,0.07920720715747447,5,0.13323545455932614
ilpd-numeric,spe,ensemble,logistic_regression,10,library_defaults,balanced_accuracy,0.700560607594626,0.050794621455396594,5,0.13323545455932614
ilpd-numeric,spe,ensemble,logistic_regression,10,library_defaults,macro_f1,0.6357580120410166,0.05035142598078535,5,0.13323545455932614
ilpd-numeric,tomek,resampling,decision_tree,10,library_defaults,auprc,0.35557623798695814,0.029206476471798457,5,0.022542047500610302
ilpd-numeric,tomek,resampling,decision_tree,10,library_defaults,balanced_accuracy,0.6103926784295318,0.03631458019129116,5,0.022542047500610302
ilpd-numeric,tomek,resampling,decision_tree,10,library_defaults,macro_f1,0.6016117359787908,0.035449844846152954,5,0.022542047500610302
ilpd-numeric,tomek,resampling,logistic_regression,10,library_defaults,auprc,0.5177101591452606,0.08035587381526813,5,0.03288412094116206
ilpd-numeric,tomek,resampling,logistic_regression,10,library_defaults,balanced_accuracy,0.6061677573548587,0.023562306762948917,5,0.03288412094116206
ilpd-numeric,tomek,resampling,logistic_regression,10,library_defaults,macro_f1,0.6124083016578861,0.0299529671736018,5,0.03288412094116206
ilpd-numeric,ubag,ensemble,decision_tree,10,library_defaults,auprc,0.47622631563204737,0.034783681718406734,5,0.0765837669372558
ilpd-numeric,ubag,ensemble,decision_tree,10,library_defaults,balanced_accuracy,0.657703004531495,0.02133465307811053,5,0.0765837669372558
ilpd-numeric,ubag,ensemble,decision_tree,10,library_defaults,macro_f1,0.6455406566230617,0.0171998263935899,5,0.0765837669372558
ilpd-numeric,ubag,ensemble,logistic_regression,10,library_defaults,auprc,0.5042088627464102,0.07149494015282322,5,0.12665967941284176
ilpd-numeric,ubag,ensemble,logistic_regression,10,library_defaults,balanced_accuracy,0.6872758413332474,0.026086559846910096,5,0.12665967941284176
ilpd-numeric,ubag,ensemble,logistic_regression,10,library_defaults,macro_f1,0.6185540841331107,0.025672260908888658,5,0.12665967941284176
kc1,base,baseline,decision_tree,10,library_defaults,auprc,0.24965380427566147,0.0184029940607454,5,0.03461027145385738
kc1,base,baseline,decision_tree,10,library_defaults,balanced_accuracy,0.6332290919039102,0.01871678873416571,5,0.03461027145385738
kc1,base,baseline,decision_tree,10,library_defaults,macro_f1,0.6358565817556563,0.01593160600955393,5,0.03461027145385738
kc1,base,baseline,logistic_regression,10,library_defaults,auprc,0.46565225998817306,0.03005372658598614,5,0.039448118209838824
kc1,base,baseline,logistic_regression,10,library_defaults,balanced_accuracy,0.5894747662559956,0.019007862824806994,5,0.039448118209838824
kc1,base,baseline,logistic_regression,10,library_defaults,macro_f1,0.6108702041754428,0.02388970415549437,5,0.039448118209838824
kc1,cost,cost_sensitive,decision_tree,10,library_defaults,auprc,0.3589422618808787,0.06076547258857008,5,0.2551740169525146
kc1,cost,cost_sensitive,decision_tree,10,library_defaults,balanced_accuracy,0.6232128138440102,0.029454501383001225,5,0.2551740169525146
kc1,cost,cost_sensitive,decision_tree,10,library_defaults,macro_f1,0.6328328981552256,0.0323519227538405,5,0.2551740169525146
kc1,cost,cost_sensitive,logistic_regression,10,library_defaults,auprc,0.3790608443706942,0.050047728239841174,5,0.11304311752319332
kc1,cost,cost_sensitive,logistic_regression,10,library_defaults,balanced_accuracy,0.5404019179762736,0.025563597862662758,5,0.11304311752319332
kc1,cost,cost_sensitive,logistic_regression,10,library_defaults,macro_f1,0.5376441629752791,0.040350474108576416,5,0.11304311752319332
kc1,enn,resampling,decision_tree,10,library_defaults,auprc,0.22166306027532348,0.014959263119128543,5,0.04289784431457516
kc1,enn,resampling,decision_tree,10,library_defaults,balanced_accuracy,0.6485032625449018,0.02436330924120698,5,0.04289784431457516
kc1,enn,resampling,decision_tree,10,library_defaults,macro_f1,0.5763554173281484,0.01884825609319639,5,0.04289784431457516
kc1,enn,resampling,logistic_regression,10,library_defaults,auprc,0.4507602079572316,0.06145302518145322,5,0.060885238647460906
kc1,enn,resampling,logistic_regression,10,library_defaults,balanced_accuracy,0.6659741536278219,0.03849212923734802,5,0.060885238647460906
kc1,enn,resampling,logistic_regression,10,library_defaults,macro_f1,0.6664067468252772,0.03478488092663208,5,0.060885238647460906
kc1,obag,ensemble,decision_tree,10,library_defaults,auprc,0.3987779105324759,0.043714141677201404,5,0.24983592033386226
kc1,obag,ensemble,decision_tree,10,library_defaults,balanced_accuracy,0.6036260687979128,0.0291221183082419,5,0.24983592033386226
kc1,obag,ensemble,decision_tree,10,library_defaults,macro_f1,0.6250327191393927,0.0372110031620635,5,0.24983592033386226
kc1,obag,ensemble,logistic_regression,10,library_defaults,auprc,0.45446022030494015,0.0374899276005978,5,0.4581700325012207
kc1,obag,ensemble,logistic_regression,10,library_defaults,balanced_accuracy,0.7165081184512777,0.018126255021213556,5,0.4581700325012207
kc1,obag,ensemble,logistic_regression,10,library_defaults,macro_f1,0.631798018220245,0.015062823087197391,5,0.4581700325012207
kc1,rus,resampling,decision_tree,10,library_defaults,auprc,0.24641660285747982,0.010251460484288672,5,0.025870323181152278
kc1,rus,resampling,decision_tree,10,library_defaults,balanced_accuracy,0.6773785874843377,0.01344531527977346,5,0.025870323181152278
kc1,rus,resampling,decision_tree,10,library_defaults,macro_f1,0.6045917286275581,0.01315398271042668,5,0.025870323181152278
kc1,rus,resampling,logistic_regression,10,library_defaults,auprc,0.44421251442462895,0.04444738203573909,5,0.039353704452514605
kc1,rus,resampling,logistic_regression,10,library_defaults,balanced_accuracy,0.7107228935417964,0.022890859134382102,5,0.039353704452514605
kc1,rus,resampling,logistic_regression,10,library_defaults,macro_f1,0.6301460099171475,0.02185248429068353,5,0.039353704452514605
kc1,sbag,ensemble,decision_tree,10,library_defaults,auprc,0.41943798829119794,0.048521569024665236,5,0.397458267211914
kc1,sbag,ensemble,decision_tree,10,library_defaults,balanced_accuracy,0.6447640869815358,0.0312293606532458,5,0.397458267211914
kc1,sbag,ensemble,decision_tree,10,library_defaults,macro_f1,0.6629543306857384,0.03369067173096001,5,0.397458267211914
kc1,sbag,ensemble,logistic_regression,10,library_defaults,auprc,0.4506854831595417,0.03970843394806434,5,0.6110321521759033
kc1,sbag,ensemble,logistic_regression,10,library_defaults,balanced_accuracy,0.7149688700812297,0.01862219732055948,5,0.6110321521759033
kc1,sbag,ensemble,logistic_regression,10,library_defaults,macro_f1,0.630907987120871,0.01575507876878901,5,0.6110321521759033
kc1,smote,resampling,decision_tree,10,library_defaults,auprc,0.2625194851462515,0.01351157847774513,5,0.07392487525939936
kc1,smote,resampling,decision_tree,10,library_defaults,balanced_accuracy,0.6503636559518913,0.008155213173147978,5,0.07392487525939936
kc1,smote,resampling,decision_tree,10,library_defaults,macro_f1,0.6485130441186773,0.012371133429806454,5,0.07392487525939936
kc1,smote,resampling,logistic_regression,10,library_defaults,auprc,0.4588915531064375,0.03686764475402728,5,0.06864128112792964
kc1,smote,resampling,logistic_regression,10,library_defaults,balanced_accuracy,0.7103720744996356,0.03004417704241348,5,0.06864128112792964
kc1,smote,resampling,logistic_regression,10,library_defaults,macro_f1,0.6283774690220973,0.025798786223602394,5,0.06864128112792964
kc1,spe,ensemble,decision_tree,10,library_defaults,auprc,0.4245455175559318,0.04915219860489151,5,0.14388017654418941
kc1,spe,ensemble,decision_tree,10,library_defaults,balanced_accuracy,0.7043611147609826,0.032646160146691056,5,0.14388017654418941
kc1,spe,ensemble,decision_tree,10,library_defaults,macro_f1,0.6706103457705168,0.023678322153854455,5,0.14388017654418941
kc1,spe,ensemble,logistic_regression,10,library_defaults,auprc,0.4629625484556136,0.03129688870310544,5,0.23355312347412105
kc1,spe,ensemble,logistic_regression,10,library_defaults,balanced_accuracy,0.7132388056974971,0.018536814914484105,5,0.23355312347412105
kc1,spe,ensemble,logistic_regression,10,library_defaults,macro_f1,0.6314499645582726,0.025711689795623056,5,0.23355312347412105
kc1,tomek,resampling,decision_tree,10,library_defaults,auprc,0.2631291267335173,0.018990139157647155,5,0.05034465789794916
kc1,tomek,resampling,decision_tree,10,library_defaults,balanced_accuracy,0.6498622296408152,0.01796663610187553,5,0.05034465789794916
kc1,tomek,resampling,decision_tree,10,library_defaults,macro_f1,0.649717041432314,0.01640281693556976,5,0.05034465789794916
kc1,tomek,resampling,logistic_regression,10,library_defaults,auprc,0.4635011510851033,0.031440005889898905,5,0.06906442642211907
kc1,tomek,resampling,logistic_regression,10,library_defaults,balanced_accuracy,0.6069696012293501,0.02885755741887087,5,0.06906442642211907
kc1,tomek,resampling,logistic_regression,10,library_defaults,macro_f1,0.6306979491627851,0.0333320635405081,5,0.06906442642211907
kc1,ubag,ensemble,decision_tree,10,library_defaults,auprc,0.4024909890046543,0.028575584750375846,5,0.12877173423767085
kc1,ubag,ensemble,decision_tree,10,library_defaults,balanced_accuracy,0.6981282388023962,0.03361262110214313,5,0.12877173423767085
kc1,ubag,ensemble,decision_tree,10,library_defaults,macro_f1,0.6445701408434865,0.018460956133423686,5,0.12877173423767085
kc1,ubag,ensemble,logistic_regression,10,library_defaults,auprc,0.45692543323131485,0.04284030132427513,5,0.2192353248596191
kc1,ubag,ensemble,logistic_regression,10,library_defaults,balanced_accuracy,0.7181821208093515,0.02820450700744453,5,0.2192353248596191
kc1,ubag,ensemble,logistic_regression,10,library_defaults,macro_f1,0.6315041539827664,0.020395689339674034,5,0.2192353248596191
law-school-admission-bianry,base,baseline,decision_tree,10,library_defaults,auprc,1.0,0.0,5,0.11278219223022456
law-school-admission-bianry,base,baseline,decision_tree,10,library_defaults,balanced_accuracy,1.0,0.0,5,0.11278219223022456
law-school-admission-bianry,base,baseline,decision_tree,10,library_defaults,macro_f1,1.0,0.0,5,0.11278219223022456
law-school-admission-bianry,base,baseline,logistic_regression,10,library_defaults,auprc,1.0,0.0,5,0.15128955841064448
law-school-admission-bianry,base,baseline,logistic_regression,10,library_defaults,balanced_accuracy,1.0,0.0,5,0.15128955841064448
law-school-admission-bianry,base,baseline,logistic_regression,10,library_defaults,macro_f1,1.0,0.0,5,0.15128955841064448
law-school-admission-bianry,cost,ensemble,decision_tree,10,library_defaults,auprc,1.0,0.0,5,0.2529871463775634
law-school-admission-bianry,cost,ensemble,decision_tree,10,library_defaults,balanced_accuracy,1.0,0.0,5,0.2529871463775634
law-school-admission-bianry,cost,ensemble,decision_tree,10,library_defaults,macro_f1,1.0,0.0,5,0.2529871463775634
law-school-admission-bianry,cost,ensemble,logistic_regression,10,library_defaults,auprc,0.9633530643154767,0.002363350985078378,5,0.34057254791259767
law-school-admission-bianry,cost,ensemble,logistic_regression,10,library_defaults,balanced_accuracy,0.941446463134681,0.004045575169703439,5,0.34057254791259767
law-school-admission-bianry,cost,ensemble,logistic_regression,10,library_defaults,macro_f1,0.9209904224132597,0.005575045830984491,5,0.34057254791259767
law-school-admission-bianry,enn,resampling,decision_tree,10,library_defaults,auprc,1.0,0.0,5,0.7003782749176025
law-school-admission-bianry,enn,resampling,decision_tree,10,library_defaults,balanced_accuracy,1.0,0.0,5,0.7003782749176025
law-school-admission-bianry,enn,resampling,decision_tree,10,library_defaults,macro_f1,1.0,0.0,5,0.7003782749176025
law-school-admission-bianry,enn,resampling,logistic_regression,10,library_defaults,auprc,1.0,0.0,5,0.7188116073608398
law-school-admission-bianry,enn,resampling,logistic_regression,10,library_defaults,balanced_accuracy,1.0,0.0,5,0.7188116073608398
law-school-admission-bianry,enn,resampling,logistic_regression,10,library_defaults,macro_f1,1.0,0.0,5,0.7188116073608398
law-school-admission-bianry,obag,ensemble,decision_tree,10,library_defaults,auprc,1.0,0.0,5,0.32272248268127435
law-school-admission-bianry,obag,ensemble,decision_tree,10,library_defaults,balanced_accuracy,1.0,0.0,5,0.32272248268127435
law-school-admission-bianry,obag,ensemble,decision_tree,10,library_defaults,macro_f1,1.0,0.0,5,0.32272248268127435
law-school-admission-bianry,obag,ensemble,logistic_regression,10,library_defaults,auprc,1.0,0.0,5,0.8589282512664795
law-school-admission-bianry,obag,ensemble,logistic_regression,10,library_defaults,balanced_accuracy,1.0,0.0,5,0.8589282512664795
law-school-admission-bianry,obag,ensemble,logistic_regression,10,library_defaults,macro_f1,1.0,0.0,5,0.8589282512664795
law-school-admission-bianry,rus,resampling,decision_tree,10,library_defaults,auprc,1.0,0.0,5,0.11956152915954583
law-school-admission-bianry,rus,resampling,decision_tree,10,library_defaults,balanced_accuracy,1.0,0.0,5,0.11956152915954583
law-school-admission-bianry,rus,resampling,decision_tree,10,library_defaults,macro_f1,1.0,0.0,5,0.11956152915954583
law-school-admission-bianry,rus,resampling,logistic_regression,10,library_defaults,auprc,1.0,0.0,5,0.1469248294830322
law-school-admission-bianry,rus,resampling,logistic_regression,10,library_defaults,balanced_accuracy,1.0,0.0,5,0.1469248294830322
law-school-admission-bianry,rus,resampling,logistic_regression,10,library_defaults,macro_f1,1.0,0.0,5,0.1469248294830322
law-school-admission-bianry,sbag,ensemble,decision_tree,10,library_defaults,auprc,1.0,0.0,5,1.2374927997589111
law-school-admission-bianry,sbag,ensemble,decision_tree,10,library_defaults,balanced_accuracy,1.0,0.0,5,1.2374927997589111
law-school-admission-bianry,sbag,ensemble,decision_tree,10,library_defaults,macro_f1,1.0,0.0,5,1.2374927997589111
law-school-admission-bianry,sbag,ensemble,logistic_regression,10,library_defaults,auprc,1.0,0.0,5,2.2937504291534423
law-school-admission-bianry,sbag,ensemble,logistic_regression,10,library_defaults,balanced_accuracy,1.0,0.0,5,2.2937504291534423
law-school-admission-bianry,sbag,ensemble,logistic_regression,10,library_defaults,macro_f1,1.0,0.0,5,2.2937504291534423
law-school-admission-bianry,smote,resampling,decision_tree,10,library_defaults,auprc,1.0,0.0,5,0.22861399650573722
law-school-admission-bianry,smote,resampling,decision_tree,10,library_defaults,balanced_accuracy,1.0,0.0,5,0.22861399650573722
law-school-admission-bianry,smote,resampling,decision_tree,10,library_defaults,macro_f1,1.0,0.0,5,0.22861399650573722
law-school-admission-bianry,smote,resampling,logistic_regression,10,library_defaults,auprc,1.0,0.0,5,0.25890283584594725
law-school-admission-bianry,smote,resampling,logistic_regression,10,library_defaults,balanced_accuracy,1.0,0.0,5,0.25890283584594725
law-school-admission-bianry,smote,resampling,logistic_regression,10,library_defaults,macro_f1,1.0,0.0,5,0.25890283584594725
law-school-admission-bianry,spe,ensemble,decision_tree,10,library_defaults,auprc,1.0,0.0,5,0.24144062995910645
law-school-admission-bianry,spe,ensemble,decision_tree,10,library_defaults,balanced_accuracy,1.0,0.0,5,0.24144062995910645
law-school-admission-bianry,spe,ensemble,decision_tree,10,library_defaults,macro_f1,1.0,0.0,5,0.24144062995910645
law-school-admission-bianry,spe,ensemble,logistic_regression,10,library_defaults,auprc,1.0,0.0,5,0.6666226863861084
law-school-admission-bianry,spe,ensemble,logistic_regression,10,library_defaults,balanced_accuracy,1.0,0.0,5,0.6666226863861084
law-school-admission-bianry,spe,ensemble,logistic_regression,10,library_defaults,macro_f1,1.0,0.0,5,0.6666226863861084
law-school-admission-bianry,tomek,resampling,decision_tree,10,library_defaults,auprc,1.0,0.0,5,0.9468583106994629
law-school-admission-bianry,tomek,resampling,decision_tree,10,library_defaults,balanced_accuracy,1.0,0.0,5,0.9468583106994629
law-school-admission-bianry,tomek,resampling,decision_tree,10,library_defaults,macro_f1,1.0,0.0,5,0.9468583106994629
law-school-admission-bianry,tomek,resampling,logistic_regression,10,library_defaults,auprc,1.0,0.0,5,0.9838853359222413
law-school-admission-bianry,tomek,resampling,logistic_regression,10,library_defaults,balanced_accuracy,1.0,0.0,5,0.9838853359222413
law-school-admission-bianry,tomek,resampling,logistic_regression,10,library_defaults,macro_f1,1.0,0.0,5,0.9838853359222413
law-school-admission-bianry,ubag,ensemble,decision_tree,10,library_defaults,auprc,1.0,0.0,5,0.26283998489379884
law-school-admission-bianry,ubag,ensemble,decision_tree,10,library_defaults,balanced_accuracy,1.0,0.0,5,0.26283998489379884
law-school-admission-bianry,ubag,ensemble,decision_tree,10,library_defaults,macro_f1,1.0,0.0,5,0.26283998489379884
law-school-admission-bianry,ubag,ensemble,logistic_regression,10,library_defaults,auprc,1.0,0.0,5,0.6663430213928223
law-school-admission-bianry,ubag,ensemble,logistic_regression,10,library_defaults,balanced_accuracy,1.0,0.0,5,0.6663430213928223
law-school-admission-bianry,ubag,ensemble,logistic_regression,10,library_defaults,macro_f1,1.0,0.0,5,0.6663430213928223
mc2,base,baseline,decision_tree,10,library_defaults,auprc,0.410809607059607,0.045568531203615814,5,0.01752486228942866
mc2,base,baseline,decision_tree,10,library_defaults,balanced_accuracy,0.6209523809523809,0.06312806835611076,5,0.01752486228942866
mc2,base,baseline,decision_tree,10,library_defaults,macro_f1,0.6166871298569984,0.06103360860794606,5,0.01752486228942866
mc2,base,baseline,logistic_regression,10,library_defaults,auprc,0.6309528205764485,0.03854530252942428,5,0.025304222106933522
mc2,base,baseline,logistic_regression,10,library_defaults,balanced_accuracy,0.635021645021645,0.035558627071656704,5,0.025304222106933522
mc2,base,baseline,logistic_regression,10,library_defaults,macro_f1,0.6363463195496079,0.03842310955085547,5,0.025304222106933522
mc2,cost,cost_sensitive,decision_tree,10,library_defaults,auprc,0.49417586637960964,0.11001423519769056,5,0.06931014060974118
mc2,cost,cost_sensitive,decision_tree,10,library_defaults,balanced_accuracy,0.6028138528138529,0.12445567471889114,5,0.06931014060974118
mc2,cost,cost_sensitive,decision_tree,10,library_defaults,macro_f1,0.6011406933702181,0.12488948082664034,5,0.06931014060974118
mc2,cost,cost_sensitive,logistic_regression,10,library_defaults,auprc,0.5250393009467157,0.04932161995809216,5,0.07984647750854487
mc2,cost,cost_sensitive,logistic_regression,10,library_defaults,balanced_accuracy,0.6411688311688312,0.06150451087099371,5,0.07984647750854487
mc2,cost,cost_sensitive,logistic_regression,10,library_defaults,macro_f1,0.6425711109038954,0.06556156546635969,5,0.07984647750854487
mc2,enn,resampling,decision_tree,10,library_defaults,auprc,0.4006764705882353,0.08312301775015743,5,0.023245334625244102
mc2,enn,resampling,decision_tree,10,library_defaults,balanced_accuracy,0.6142424242424243,0.11403767521406136,5,0.023245334625244102
mc2,enn,resampling,decision_tree,10,library_defaults,macro_f1,0.542371409292462,0.16030080667926805,5,0.023245334625244102
mc2,enn,resampling,logistic_regression,10,library_defaults,auprc,0.6395822423747644,0.08813498253606215,5,0.04320912361145018
mc2,enn,resampling,logistic_regression,10,library_defaults,balanced_accuracy,0.6323809523809525,0.06695218417916776,5,0.04320912361145018
mc2,enn,resampling,logistic_regression,10,library_defaults,macro_f1,0.5921193922808496,0.0557778782210505,5,0.04320912361145018
mc2,obag,ensemble,decision_tree,10,library_defaults,auprc,0.5716000942640678,0.11619931818683142,5,0.08442430496215818
mc2,obag,ensemble,decision_tree,10,library_defaults,balanced_accuracy,0.6293506493506493,0.04046710317695715,5,0.08442430496215818
mc2,obag,ensemble,decision_tree,10,library_defaults,macro_f1,0.634594181264787,0.04887039236042594,5,0.08442430496215818
mc2,obag,ensemble,logistic_regression,10,library_defaults,auprc,0.6074545946310697,0.03312296935836633,5,0.16817164421081537
mc2,obag,ensemble,logistic_regression,10,library_defaults,balanced_accuracy,0.6087012987012986,0.06175935758476756,5,0.16817164421081537
mc2,obag,ensemble,logistic_regression,10,library_defaults,macro_f1,0.6046954507480823,0.06239598579197989,5,0.16817164421081537
mc2,rus,resampling,decision_tree,10,library_defaults,auprc,0.43902777777777774,0.07949426162537866,5,0.020743465423583917
mc2,rus,resampling,decision_tree,10,library_defaults,balanced_accuracy,0.6576190476190475,0.11442587004754164,5,0.020743465423583917
mc2,rus,resampling,decision_tree,10,library_defaults,macro_f1,0.633677342049435,0.10950084634322596,5,0.020743465423583917
mc2,rus,resampling,logistic_regression,10,library_defaults,auprc,0.583996779861909,0.09024568877181981,5,0.027456808090209915
mc2,rus,resampling,logistic_regression,10,library_defaults,balanced_accuracy,0.6094372294372294,0.10334626331652783,5,0.027456808090209915
mc2,rus,resampling,logistic_regression,10,library_defaults,macro_f1,0.5997601607452586,0.11249782210512244,5,0.027456808090209915
mc2,sbag,ensemble,decision_tree,10,library_defaults,auprc,0.6709284333444447,0.1553817986599167,5,0.09784803390502922
mc2,sbag,ensemble,decision_tree,10,library_defaults,balanced_accuracy,0.687056277056277,0.098420415628833,5,0.09784803390502922
mc2,sbag,ensemble,decision_tree,10,library_defaults,macro_f1,0.6942276927422217,0.11419971603400877,5,0.09784803390502922
mc2,sbag,ensemble,logistic_regression,10,library_defaults,auprc,0.601326217670645,0.04194364942386935,5,0.2699681282043457
mc2,sbag,ensemble,logistic_regression,10,library_defaults,balanced_accuracy,0.6077922077922078,0.0638414400318465,5,0.2699681282043457
mc2,sbag,ensemble,logistic_regression,10,library_defaults,macro_f1,0.6022403584397222,0.06428176653126107,5,0.2699681282043457
mc2,smote,resampling,decision_tree,10,library_defaults,auprc,0.46564502164502164,0.10872762665544415,5,0.02750620841979976
mc2,smote,resampling,decision_tree,10,library_defaults,balanced_accuracy,0.6630303030303031,0.10422436418607131,5,0.02750620841979976
mc2,smote,resampling,decision_tree,10,library_defaults,macro_f1,0.6548727923446321,0.10578210880305788,5,0.02750620841979976
mc2,smote,resampling,logistic_regression,10,library_defaults,auprc,0.6274245191089721,0.05201886953181643,5,0.038134288787841766
mc2,smote,resampling,logistic_regression,10,library_defaults,balanced_accuracy,0.6184848484848484,0.03897504558233494,5,0.038134288787841766
mc2,smote,resampling,logistic_regression,10,library_defaults,macro_f1,0.6092096264484239,0.04273657853356189,5,0.038134288787841766
mc2,spe,ensemble,decision_tree,10,library_defaults,auprc,0.5501364202166601,0.15070435121076473,5,0.07783341407775875
mc2,spe,ensemble,decision_tree,10,library_defaults,balanced_accuracy,0.6173593073593073,0.12951958462447613,5,0.07783341407775875
mc2,spe,ensemble,decision_tree,10,library_defaults,macro_f1,0.612764155477709,0.13034367691113363,5,0.07783341407775875
mc2,spe,ensemble,logistic_regression,10,library_defaults,auprc,0.5929905776977112,0.082563226897271,5,0.14474420547485348
mc2,spe,ensemble,logistic_regression,10,library_defaults,balanced_accuracy,0.6341558441558441,0.054281209034451904,5,0.14474420547485348
mc2,spe,ensemble,logistic_regression,10,library_defaults,macro_f1,0.6228300762510731,0.04952150397222587,5,0.14474420547485348
mc2,tomek,resampling,decision_tree,10,library_defaults,auprc,0.41906578270214634,0.08364984977701635,5,0.025906848907470657
mc2,tomek,resampling,decision_tree,10,library_defaults,balanced_accuracy,0.6071428571428571,0.1385371006300111,5,0.025906848907470657
mc2,tomek,resampling,decision_tree,10,library_defaults,macro_f1,0.6035497835497836,0.13663012509463468,5,0.025906848907470657
mc2,tomek,resampling,logistic_regression,10,library_defaults,auprc,0.6399556355065417,0.049407131151785286,5,0.03350262641906734
mc2,tomek,resampling,logistic_regression,10,library_defaults,balanced_accuracy,0.6306926406926407,0.04311555744758762,5,0.03350262641906734
mc2,tomek,resampling,logistic_regression,10,library_defaults,macro_f1,0.631690714140343,0.04676000233356327,5,0.03350262641906734
mc2,ubag,ensemble,decision_tree,10,library_defaults,auprc,0.5230141850112524,0.08279019321287115,5,0.07379012107849116
mc2,ubag,ensemble,decision_tree,10,library_defaults,balanced_accuracy,0.5919047619047619,0.06581414339723538,5,0.07379012107849116
mc2,ubag,ensemble,decision_tree,10,library_defaults,macro_f1,0.5908249363416221,0.06763527460495931,5,0.07379012107849116
mc2,ubag,ensemble,logistic_regression,10,library_defaults,auprc,0.5669467747576462,0.03877517910535094,5,0.16427254676818842
mc2,ubag,ensemble,logistic_regression,10,library_defaults,balanced_accuracy,0.5851082251082251,0.05198262738257989,5,0.16427254676818842
mc2,ubag,ensemble,logistic_regression,10,library_defaults,macro_f1,0.5734618641890338,0.05141699439511467,5,0.16427254676818842
pc4,base,baseline,decision_tree,10,library_defaults,auprc,0.304653774359552,0.09143539172612666,5,0.03270769119262692
pc4,base,baseline,decision_tree,10,library_defaults,balanced_accuracy,0.7122259424603175,0.06938346422674084,5,0.03270769119262692
pc4,base,baseline,decision_tree,10,library_defaults,macro_f1,0.7020609870299765,0.055528190976169185,5,0.03270769119262692
pc4,base,baseline,logistic_regression,10,library_defaults,auprc,0.6396290280331896,0.06724752888011416,5,0.03496856689453118
pc4,base,baseline,logistic_regression,10,library_defaults,balanced_accuracy,0.6959362599206349,0.04055223006206519,5,0.03496856689453118
pc4,base,baseline,logistic_regression,10,library_defaults,macro_f1,0.7412687600135325,0.04670104182744854,5,0.03496856689453118
pc4,cost,cost_sensitive,decision_tree,10,library_defaults,auprc,0.5105444113906015,0.10537529027407729,5,0.21520504951477046
pc4,cost,cost_sensitive,decision_tree,10,library_defaults,balanced_accuracy,0.7374553571428571,0.04519059668677644,5,0.21520504951477046
pc4,cost,cost_sensitive,decision_tree,10,library_defaults,macro_f1,0.7407761805444533,0.040707641087637865,5,0.21520504951477046
pc4,cost,cost_sensitive,logistic_regression,10,library_defaults,auprc,0.5578292326945802,0.060225150359099935,5,0.1063249588012695
pc4,cost,cost_sensitive,logistic_regression,10,library_defaults,balanced_accuracy,0.7260205853174603,0.07343365326080073,5,0.1063249588012695
pc4,cost,cost_sensitive,logistic_regression,10,library_defaults,macro_f1,0.7266256653021027,0.04266713654588073,5,0.1063249588012695
pc4,enn,resampling,decision_tree,10,library_defaults,auprc,0.32910865632242337,0.03632007224716738,5,0.03957901000976558
pc4,enn,resampling,decision_tree,10,library_defaults,balanced_accuracy,0.7518005952380952,0.025787470374051956,5,0.03957901000976558
pc4,enn,resampling,decision_tree,10,library_defaults,macro_f1,0.7227522420793968,0.023309480164401992,5,0.03957901000976558
pc4,enn,resampling,logistic_regression,10,library_defaults,auprc,0.6132952392074608,0.06709062963219885,5,0.05164141654968256
pc4,enn,resampling,logistic_regression,10,library_defaults,balanced_accuracy,0.7736532738095238,0.05570784603377397,5,0.05164141654968256
pc4,enn,resampling,logistic_regression,10,library_defaults,macro_f1,0.7593098449090352,0.050120822801806526,5,0.05164141654968256
pc4,obag,ensemble,decision_tree,10,library_defaults,auprc,0.6134663097497145,0.06125723507277982,5,0.2800538539886474
pc4,obag,ensemble,decision_tree,10,library_defaults,balanced_accuracy,0.7072135416666667,0.0390591724596039,5,0.2800538539886474
pc4,obag,ensemble,decision_tree,10,library_defaults,macro_f1,0.7411100193772395,0.037657541685867595,5,0.2800538539886474
pc4,obag,ensemble,logistic_regression,10,library_defaults,auprc,0.6326962479356479,0.07782889551330933,5,0.3737748622894287
pc4,obag,ensemble,logistic_regression,10,library_defaults,balanced_accuracy,0.8326202876984127,0.023369398042417774,5,0.3737748622894287
pc4,obag,ensemble,logistic_regression,10,library_defaults,macro_f1,0.7276312462445,0.00969408493018368,5,0.3737748622894287
pc4,rus,resampling,decision_tree,10,library_defaults,auprc,0.339441252957107,0.04381444797213988,5,0.02452139854431146
pc4,rus,resampling,decision_tree,10,library_defaults,balanced_accuracy,0.815889136904762,0.037640941437603215,5,0.02452139854431146
pc4,rus,resampling,decision_tree,10,library_defaults,macro_f1,0.7046805731578452,0.029895191520266463,5,0.02452139854431146
pc4,rus,resampling,logistic_regression,10,library_defaults,auprc,0.5759022632931355,0.05679011858579058,5,0.03197445869445796
pc4,rus,resampling,logistic_regression,10,library_defaults,balanced_accuracy,0.829516369047619,0.01682443065902547,5,0.03197445869445796
pc4,rus,resampling,logistic_regression,10,library_defaults,macro_f1,0.7073729546241726,0.020290786451704106,5,0.03197445869445796
pc4,sbag,ensemble,decision_tree,10,library_defaults,auprc,0.5825492683837158,0.0630275910409922,5,0.5283445835113525
pc4,sbag,ensemble,decision_tree,10,library_defaults,balanced_accuracy,0.7265128968253969,0.050367951295392184,5,0.5283445835113525
pc4,sbag,ensemble,decision_tree,10,library_defaults,macro_f1,0.7469520096897286,0.04282220535307451,5,0.5283445835113525
pc4,sbag,ensemble,logistic_regression,10,library_defaults,auprc,0.631626569528857,0.08045611206186436,5,0.5453113079071045
pc4,sbag,ensemble,logistic_regression,10,library_defaults,balanced_accuracy,0.8249888392857143,0.028431937525361165,5,0.5453113079071045
pc4,sbag,ensemble,logistic_regression,10,library_defaults,macro_f1,0.7243919514318259,0.012738788838822256,5,0.5453113079071045
pc4,smote,resampling,decision_tree,10,library_defaults,auprc,0.34386333394823365,0.06860705921245527,5,0.09897804260253902
pc4,smote,resampling,decision_tree,10,library_defaults,balanced_accuracy,0.7490091765873016,0.05044963696137271,5,0.09897804260253902
pc4,smote,resampling,decision_tree,10,library_defaults,macro_f1,0.7289603518561062,0.043278686309762913,5,0.09897804260253902
pc4,smote,resampling,logistic_regression,10,library_defaults,auprc,0.635499412999062,0.07342099121024517,5,0.06564607620239253
pc4,smote,resampling,logistic_regression,10,library_defaults,balanced_accuracy,0.827687251984127,0.03434690292277718,5,0.06564607620239253
pc4,smote,resampling,logistic_regression,10,library_defaults,macro_f1,0.7258445633491822,0.01771779312381134,5,0.06564607620239253
pc4,spe,ensemble,decision_tree,10,library_defaults,auprc,0.6023307727961662,0.061483734946653365,5,0.12082376480102534
pc4,spe,ensemble,decision_tree,10,library_defaults,balanced_accuracy,0.8211272321428572,0.018144131295259488,5,0.12082376480102534
pc4,spe,ensemble,decision_tree,10,library_defaults,macro_f1,0.7824958159302613,0.017588437534998162,5,0.12082376480102534
pc4,spe,ensemble,logistic_regression,10,library_defaults,auprc,0.604030722897029,0.058283754742701054,5,0.20060844421386714
pc4,spe,ensemble,logistic_regression,10,library_defaults,balanced_accuracy,0.7908246527777778,0.051024901940552606,5,0.20060844421386714
pc4,spe,ensemble,logistic_regression,10,library_defaults,macro_f1,0.7077363242247418,0.034424029661488616,5,0.20060844421386714
pc4,tomek,resampling,decision_tree,10,library_defaults,auprc,0.32102523969869573,0.05369031056294472,5,0.04236087799072262
pc4,tomek,resampling,decision_tree,10,library_defaults,balanced_accuracy,0.7217733134920634,0.028906693746572672,5,0.04236087799072262
pc4,tomek,resampling,decision_tree,10,library_defaults,macro_f1,0.7176277503919871,0.02950274196423562,5,0.04236087799072262
pc4,tomek,resampling,logistic_regression,10,library_defaults,auprc,0.6493999081426742,0.05747657258468309,5,0.056776952743530215
pc4,tomek,resampling,logistic_regression,10,library_defaults,balanced_accuracy,0.707328869047619,0.036069892316221416,5,0.056776952743530215
pc4,tomek,resampling,logistic_regression,10,library_defaults,macro_f1,0.7475009829646893,0.0389101556895509,5,0.056776952743530215
pc4,ubag,ensemble,decision_tree,10,library_defaults,auprc,0.5876889402785231,0.06913971881853138,5,0.11218023300170894
pc4,ubag,ensemble,decision_tree,10,library_defaults,balanced_accuracy,0.8661693948412698,0.03391162981549411,5,0.11218023300170894
pc4,ubag,ensemble,decision_tree,10,library_defaults,macro_f1,0.7707889672934971,0.021217042728554382,5,0.11218023300170894
pc4,ubag,ensemble,logistic_regression,10,library_defaults,auprc,0.6359052707171858,0.08345581509176081,5,0.17078619003295895
pc4,ubag,ensemble,logistic_regression,10,library_defaults,balanced_accuracy,0.8330394345238095,0.02893150491966433,5,0.17078619003295895
pc4,ubag,ensemble,logistic_regression,10,library_defaults,macro_f1,0.706138271998558,0.011748824650734064,5,0.17078619003295895
phoneme,base,baseline,decision_tree,10,library_defaults,auprc,0.6754543092374465,0.019500285252971195,5,0.05231556892395016
phoneme,base,baseline,decision_tree,10,library_defaults,balanced_accuracy,0.8426048845329515,0.010495041247670573,5,0.05231556892395016
phoneme,base,baseline,decision_tree,10,library_defaults,macro_f1,0.8448177184462802,0.010553160759867425,5,0.05231556892395016
phoneme,base,baseline,logistic_regression,10,library_defaults,auprc,0.5896976103158926,0.011762723568381171,5,0.024271011352539017
phoneme,base,baseline,logistic_regression,10,library_defaults,balanced_accuracy,0.6697846179749635,0.016522452708781037,5,0.024271011352539017
phoneme,base,baseline,logistic_regression,10,library_defaults,macro_f1,0.6794731586334791,0.016568182913725957,5,0.024271011352539017
phoneme,cost,cost_sensitive,decision_tree,10,library_defaults,auprc,0.7078533122577916,0.01763409406643053,5,0.46413273811340333
phoneme,cost,cost_sensitive,decision_tree,10,library_defaults,balanced_accuracy,0.8425236982713005,0.008345188332871916,5,0.46413273811340333
phoneme,cost,cost_sensitive,decision_tree,10,library_defaults,macro_f1,0.8455506704524975,0.007768430600125474,5,0.46413273811340333
phoneme,enn,resampling,decision_tree,10,library_defaults,auprc,0.6381216411129058,0.010053357517527941,5,0.07391939163208003
phoneme,enn,resampling,decision_tree,10,library_defaults,balanced_accuracy,0.8531849728474491,0.008804488766184601,5,0.07391939163208003
phoneme,enn,resampling,decision_tree,10,library_defaults,macro_f1,0.8272732074747907,0.006130436547104642,5,0.07391939163208003
phoneme,enn,resampling,logistic_regression,10,library_defaults,auprc,0.5820040821518775,0.012232365768704139,5,0.04973163604736322
phoneme,enn,resampling,logistic_regression,10,library_defaults,balanced_accuracy,0.7431046646737458,0.006734919104798914,5,0.04973163604736322
phoneme,enn,resampling,logistic_regression,10,library_defaults,macro_f1,0.7347773099702178,0.004960565785006668,5,0.04973163604736322
phoneme,obag,ensemble,decision_tree,10,library_defaults,auprc,0.860448751815983,0.0067524393238587825,5,0.39331874847412107
phoneme,obag,ensemble,decision_tree,10,library_defaults,balanced_accuracy,0.8573975711125046,0.011773353485873498,5,0.39331874847412107
phoneme,obag,ensemble,decision_tree,10,library_defaults,macro_f1,0.8672670779517482,0.010880064870376958,5,0.39331874847412107
phoneme,obag,ensemble,logistic_regression,10,library_defaults,auprc,0.581868126671672,0.008754689879486324,5,0.15588746070861811
phoneme,obag,ensemble,logistic_regression,10,library_defaults,balanced_accuracy,0.7437256415159555,0.011227601347508116,5,0.15588746070861811
phoneme,obag,ensemble,logistic_regression,10,library_defaults,macro_f1,0.7067394449164757,0.009985587580434614,5,0.15588746070861811
phoneme,rus,resampling,decision_tree,10,library_defaults,auprc,0.6111532822764357,0.018222980677928425,5,0.03861932754516596
phoneme,rus,resampling,decision_tree,10,library_defaults,balanced_accuracy,0.8322463401598978,0.013371262848191874,5,0.03861932754516596
phoneme,rus,resampling,decision_tree,10,library_defaults,macro_f1,0.8105229001204306,0.011631929004032334,5,0.03861932754516596
phoneme,rus,resampling,logistic_regression,10,library_defaults,auprc,0.5842024301221388,0.013683053119349907,5,0.02380747795104976
phoneme,rus,resampling,logistic_regression,10,library_defaults,balanced_accuracy,0.7475067168675847,0.01168688126823503,5,0.02380747795104976
phoneme,rus,resampling,logistic_regression,10,library_defaults,macro_f1,0.7103465103185067,0.009909152791395008,5,0.02380747795104976
phoneme,sbag,ensemble,decision_tree,10,library_defaults,auprc,0.8630772819478217,0.010894024161401141,5,0.5276004314422608
phoneme,sbag,ensemble,decision_tree,10,library_defaults,balanced_accuracy,0.865954367722869,0.009511801285881243,5,0.5276004314422608
phoneme,sbag,ensemble,decision_tree,10,library_defaults,macro_f1,0.8711922246821626,0.00973883593980136,5,0.5276004314422608
phoneme,sbag,ensemble,logistic_regression,10,library_defaults,auprc,0.5818675069155046,0.008637435956263598,5,0.24148941040039057
phoneme,sbag,ensemble,logistic_regression,10,library_defaults,balanced_accuracy,0.7441721605281563,0.010693631404445977,5,0.24148941040039057
phoneme,sbag,ensemble,logistic_regression,10,library_defaults,macro_f1,0.7071390376295288,0.009533217358801228,5,0.24148941040039057
phoneme,smote,resampling,decision_tree,10,library_defaults,auprc,0.6528093724419305,0.02069040187320095,5,0.083818769454956
phoneme,smote,resampling,decision_tree,10,library_defaults,balanced_accuracy,0.8466366381884913,0.009764175769623207,5,0.083818769454956
phoneme,smote,resampling,decision_tree,10,library_defaults,macro_f1,0.8351571467982352,0.01189165279218518,5,0.083818769454956
phoneme,smote,resampling,logistic_regression,10,library_defaults,auprc,0.5815625819716554,0.00819167274152735,5,0.03566703796386716
phoneme,smote,resampling,logistic_regression,10,library_defaults,balanced_accuracy,0.74608334064919,0.01081832154855667,5,0.03566703796386716
phoneme,smote,resampling,logistic_regression,10,library_defaults,macro_f1,0.7097517870131007,0.00921071531131174,5,0.03566703796386716
phoneme,spe,ensemble,decision_tree,10,library_defaults,auprc,0.8622928573245048,0.016101799587549172,5,0.24556269645690917
phoneme,spe,ensemble,decision_tree,10,library_defaults,balanced_accuracy,0.8716233303276741,0.011136197736237533,5,0.24556269645690917
phoneme,spe,ensemble,decision_tree,10,library_defaults,macro_f1,0.8729526902039165,0.014430370478648714,5,0.24556269645690917
phoneme,spe,ensemble,logistic_regression,10,library_defaults,auprc,0.5906610219693107,0.012910177584614433,5,0.14109535217285155
phoneme,spe,ensemble,logistic_regression,10,library_defaults,balanced_accuracy,0.744612387983965,0.015121938605824283,5,0.14109535217285155
phoneme,spe,ensemble,logistic_regression,10,library_defaults,macro_f1,0.7272299744884718,0.013222506796772839,5,0.14109535217285155
phoneme,tomek,resampling,decision_tree,10,library_defaults,auprc,0.6609922563032288,0.015700408037699683,5,0.07783575057983394
phoneme,tomek,resampling,decision_tree,10,library_defaults,balanced_accuracy,0.8419668560993745,0.012339864109948535,5,0.07783575057983394
phoneme,tomek,resampling,decision_tree,10,library_defaults,macro_f1,0.8384502461325317,0.009544195058584492,5,0.07783575057983394
phoneme,tomek,resampling,logistic_regression,10,library_defaults,auprc,0.5890215241317888,0.012286384335739876,5,0.04833812713623042
phoneme,tomek,resampling,logistic_regression,10,library_defaults,balanced_accuracy,0.6805599500375175,0.013948570756443936,5,0.04833812713623042
phoneme,tomek,resampling,logistic_regression,10,library_defaults,macro_f1,0.6890186843910873,0.013672430299900474,5,0.04833812713623042
phoneme,ubag,ensemble,decision_tree,10,library_defaults,auprc,0.8419249791440027,0.008159560378645,5,0.25281252861022946
phoneme,ubag,ensemble,decision_tree,10,library_defaults,balanced_accuracy,0.8732445276997833,0.014215779404767035,5,0.25281252861022946
phoneme,ubag,ensemble,decision_tree,10,library_defaults,macro_f1,0.8614824117326186,0.013821412022332705,5,0.25281252861022946
phoneme,ubag,ensemble,logistic_regression,10,library_defaults,auprc,0.5829665853402821,0.010034486874882254,5,0.1333510875701904
phoneme,ubag,ensemble,logistic_regression,10,library_defaults,balanced_accuracy,0.7447739254858433,0.012079921925536198,5,0.1333510875701904
phoneme,ubag,ensemble,logistic_regression,10,library_defaults,macro_f1,0.7081004278223547,0.011661790569820687,5,0.1333510875701904
planning-relax,base,baseline,decision_tree,10,library_defaults,auprc,0.27697347697347696,0.0113304185369138,5,0.01600370407104486
planning-relax,base,baseline,decision_tree,10,library_defaults,balanced_accuracy,0.4439160839160839,0.05182297100449002,5,0.01600370407104486
planning-relax,base,baseline,decision_tree,10,library_defaults,macro_f1,0.43728536829005593,0.058196866112501036,5,0.01600370407104486
planning-relax,base,baseline,logistic_regression,10,library_defaults,auprc,0.2775991888909155,0.05706682607155332,5,0.02092123031616208
planning-relax,base,baseline,logistic_regression,10,library_defaults,balanced_accuracy,0.49615384615384617,0.008600261451922265,5,0.02092123031616208
planning-relax,base,baseline,logistic_regression,10,library_defaults,macro_f1,0.4147885136779902,0.004329157973113162,5,0.02092123031616208
planning-relax,cost,cost_sensitive,decision_tree,10,library_defaults,auprc,0.2897549177549177,0.032612780777050966,5,0.06040444374084468
planning-relax,cost,cost_sensitive,decision_tree,10,library_defaults,balanced_accuracy,0.45636363636363636,0.09078979531503735,5,0.06040444374084468
planning-relax,cost,cost_sensitive,decision_tree,10,library_defaults,macro_f1,0.4480723611651058,0.09334490172566645,5,0.06040444374084468
planning-relax,enn,resampling,decision_tree,10,library_defaults,auprc,0.30611424642115176,0.04427301569724365,5,0.017311954498291
planning-relax,enn,resampling,decision_tree,10,library_defaults,balanced_accuracy,0.5297202797202797,0.09285932596303383,5,0.017311954498291
planning-relax,enn,resampling,decision_tree,10,library_defaults,macro_f1,0.47438492828725154,0.10311118028563922,5,0.017311954498291
planning-relax,enn,resampling,logistic_regression,10,library_defaults,auprc,0.2662927821373099,0.048147725609298045,5,0.02439904212951656
planning-relax,enn,resampling,logistic_regression,10,library_defaults,balanced_accuracy,0.39909090909090905,0.0576751404845999,5,0.02439904212951656
planning-relax,enn,resampling,logistic_regression,10,library_defaults,macro_f1,0.30839965870688124,0.059091253961403245,5,0.02439904212951656
planning-relax,obag,ensemble,decision_tree,10,library_defaults,auprc,0.3278868636284325,0.05863412471336136,5,0.07075672149658198
planning-relax,obag,ensemble,decision_tree,10,library_defaults,balanced_accuracy,0.4918881118881119,0.06127336814869722,5,0.07075672149658198
planning-relax,obag,ensemble,decision_tree,10,library_defaults,macro_f1,0.466355422394858,0.06462683969678226,5,0.07075672149658198
planning-relax,obag,ensemble,logistic_regression,10,library_defaults,auprc,0.27347840526415745,0.08461652041745854,5,0.13411297798156735
planning-relax,obag,ensemble,logistic_regression,10,library_defaults,balanced_accuracy,0.40440559440559437,0.10809416666923015,5,0.13411297798156735
planning-relax,obag,ensemble,logistic_regression,10,library_defaults,macro_f1,0.40623696751427846,0.1053877947896395,5,0.13411297798156735
planning-relax,rus,resampling,decision_tree,10,library_defaults,auprc,0.31710319410319404,0.06692925961240984,5,0.01647152900695796
planning-relax,rus,resampling,decision_tree,10,library_defaults,balanced_accuracy,0.5474125874125874,0.10986968750382158,5,0.01647152900695796
planning-relax,rus,resampling,decision_tree,10,library_defaults,macro_f1,0.49102425604240485,0.10180666724773772,5,0.01647152900695796
planning-relax,rus,resampling,logistic_regression,10,library_defaults,auprc,0.2948120789770872,0.0689373609222795,5,0.0245233535766601
planning-relax,rus,resampling,logistic_regression,10,library_defaults,balanced_accuracy,0.4638461538461538,0.09438830455503695,5,0.0245233535766601
planning-relax,rus,resampling,logistic_regression,10,library_defaults,macro_f1,0.4226601967525899,0.09347242922715875,5,0.0245233535766601
planning-relax,sbag,ensemble,decision_tree,10,library_defaults,auprc,0.31459075135823833,0.02987474137379816,5,0.08661751747131342
planning-relax,sbag,ensemble,decision_tree,10,library_defaults,balanced_accuracy,0.48174825174825175,0.0257834832633918,5,0.08661751747131342
planning-relax,sbag,ensemble,decision_tree,10,library_defaults,macro_f1,0.46200507210765906,0.040889856350885004,5,0.08661751747131342
planning-relax,sbag,ensemble,logistic_regression,10,library_defaults,auprc,0.2554262212555621,0.05552541812056916,5,0.1478853702545166
planning-relax,sbag,ensemble,logistic_regression,10,library_defaults,balanced_accuracy,0.41825174825174816,0.0862047319300393,5,0.1478853702545166
planning-relax,sbag,ensemble,logistic_regression,10,library_defaults,macro_f1,0.41766553894284986,0.08660148260979837,5,0.1478853702545166
planning-relax,smote,resampling,decision_tree,10,library_defaults,auprc,0.297278823455294,0.022840953420665215,5,0.019484090805053637
planning-relax,smote,resampling,decision_tree,10,library_defaults,balanced_accuracy,0.5209090909090909,0.051672241473557756,5,0.019484090805053637
planning-relax,smote,resampling,decision_tree,10,library_defaults,macro_f1,0.5078934785385342,0.04502048341930376,5,0.019484090805053637
planning-relax,smote,resampling,logistic_regression,10,library_defaults,auprc,0.287600586506541,0.04812890635628792,5,0.02490587234497066
planning-relax,smote,resampling,logistic_regression,10,library_defaults,balanced_accuracy,0.42979020979020977,0.08279089762894747,5,0.02490587234497066
planning-relax,smote,resampling,logistic_regression,10,library_defaults,macro_f1,0.41437406125846704,0.08414141470384495,5,0.02490587234497066
planning-relax,spe,ensemble,decision_tree,10,library_defaults,auprc,0.34438638365175794,0.06488917411070116,5,0.06545343399047845
planning-relax,spe,ensemble,decision_tree,10,library_defaults,balanced_accuracy,0.5073426573426574,0.07742643637058892,5,0.06545343399047845
planning-relax,spe,ensemble,decision_tree,10,library_defaults,macro_f1,0.4996877508067413,0.07607353809606819,5,0.06545343399047845
planning-relax,spe,ensemble,logistic_regression,10,library_defaults,auprc,0.2742599051784843,0.036430370406916435,5,0.12116966247558585
planning-relax,spe,ensemble,logistic_regression,10,library_defaults,balanced_accuracy,0.4251748251748252,0.0953642083865084,5,0.12116966247558585
planning-relax,spe,ensemble,logistic_regression,10,library_defaults,macro_f1,0.3992356355586234,0.07308936678091105,5,0.12116966247558585
planning-relax,tomek,resampling,decision_tree,10,library_defaults,auprc,0.29862032487032486,0.011358411982920874,5,0.01828937530517574
planning-relax,tomek,resampling,decision_tree,10,library_defaults,balanced_accuracy,0.5153146853146853,0.06105149427171649,5,0.01828937530517574
planning-relax,tomek,resampling,decision_tree,10,library_defaults,macro_f1,0.5051316572977917,0.06390002671460471,5,0.01828937530517574
planning-relax,tomek,resampling,logistic_regression,10,library_defaults,auprc,0.2835469845166806,0.05458824335519321,5,0.02514877319335934
planning-relax,tomek,resampling,logistic_regression,10,library_defaults,balanced_accuracy,0.49230769230769234,0.017200522903844544,5,0.02514877319335934
planning-relax,tomek,resampling,logistic_regression,10,library_defaults,macro_f1,0.412821300563236,0.0079023761048416,5,0.02514877319335934
planning-relax,ubag,ensemble,decision_tree,10,library_defaults,auprc,0.286583400415505,0.04586104179864792,5,0.06581401824951166
planning-relax,ubag,ensemble,decision_tree,10,library_defaults,balanced_accuracy,0.4744055944055944,0.06727403572284957,5,0.06581401824951166
planning-relax,ubag,ensemble,decision_tree,10,library_defaults,macro_f1,0.47542683792884743,0.06730537442534859,5,0.06581401824951166
planning-relax,ubag,ensemble,logistic_regression,10,library_defaults,auprc,0.2674229585297322,0.05915634917028673,5,0.1199438095092773
planning-relax,ubag,ensemble,logistic_regression,10,library_defaults,balanced_accuracy,0.42272727272727273,0.0497604167561871,5,0.1199438095092773
planning-relax,ubag,ensemble,logistic_regression,10,library_defaults,macro_f1,0.41204064976200083,0.052491000080430054,5,0.1199438095092773
thoracic-surgery,base,baseline,decision_tree,10,library_defaults,auprc,0.16794868252315057,0.010370132693414824,5,0.026527023315429638
thoracic-surgery,base,baseline,decision_tree,10,library_defaults,balanced_accuracy,0.5458928571428572,0.021021050552399445,5,0.026527023315429638
thoracic-surgery,base,baseline,decision_tree,10,library_defaults,macro_f1,0.546583956131201,0.020326109460300192,5,0.026527023315429638
thoracic-surgery,base,baseline,logistic_regression,10,library_defaults,auprc,0.2577708135205571,0.06942886911233172,5,0.03876509666442868
thoracic-surgery,base,baseline,logistic_regression,10,library_defaults,balanced_accuracy,0.4933928571428572,0.00933452145620366,5,0.03876509666442868
thoracic-surgery,base,baseline,logistic_regression,10,library_defaults,macro_f1,0.46332537099377447,0.018839333705848435,5,0.03876509666442868
thoracic-surgery,cost,cost_sensitive,decision_tree,10,library_defaults,auprc,0.18018876863347624,0.014009507154344817,5,0.06113171577453608
thoracic-surgery,cost,cost_sensitive,decision_tree,10,library_defaults,balanced_accuracy,0.5375,0.013197987052762946,5,0.06113171577453608
thoracic-surgery,cost,cost_sensitive,decision_tree,10,library_defaults,macro_f1,0.5384328280258966,0.015330535389599602,5,0.06113171577453608
thoracic-surgery,cost,cost_sensitive,logistic_regression,10,library_defaults,auprc,0.2003997124589818,0.018365203990656567,3,0.08044083913167316
thoracic-surgery,cost,cost_sensitive,logistic_regression,10,library_defaults,balanced_accuracy,0.4979166666666666,0.0036084391824351483,3,0.08044083913167316
thoracic-surgery,cost,cost_sensitive,logistic_regression,10,library_defaults,macro_f1,0.4587292095763293,0.0018029009801284108,3,0.08044083913167316
thoracic-surgery,enn,resampling,decision_tree,10,library_defaults,auprc,0.20597439439992624,0.03158224423887101,5,0.02823257446289056
thoracic-surgery,enn,resampling,decision_tree,10,library_defaults,balanced_accuracy,0.6151785714285715,0.044589253532799175,5,0.02823257446289056
thoracic-surgery,enn,resampling,decision_tree,10,library_defaults,macro_f1,0.5852144596770577,0.04341604040102753,5,0.02823257446289056
thoracic-surgery,enn,resampling,logistic_regression,10,library_defaults,auprc,0.2671410995679331,0.07606657497479116,5,0.0391297817230224
thoracic-surgery,enn,resampling,logistic_regression,10,library_defaults,balanced_accuracy,0.5660714285714286,0.059208614884412016,5,0.0391297817230224
thoracic-surgery,enn,resampling,logistic_regression,10,library_defaults,macro_f1,0.5666364056831577,0.06145953731587994,5,0.0391297817230224
thoracic-surgery,obag,ensemble,decision_tree,10,library_defaults,auprc,0.20600478323900032,0.031409433963946305,5,0.0799286842346191
thoracic-surgery,obag,ensemble,decision_tree,10,library_defaults,balanced_accuracy,0.49803571428571425,0.017783329587692246,5,0.0799286842346191
thoracic-surgery,obag,ensemble,decision_tree,10,library_defaults,macro_f1,0.4741280100420992,0.02980474515947794,5,0.0799286842346191
thoracic-surgery,obag,ensemble,logistic_regression,10,library_defaults,auprc,0.26679718827243537,0.08274933494383782,5,0.14226698875427243
thoracic-surgery,obag,ensemble,logistic_regression,10,library_defaults,balanced_accuracy,0.5953571428571428,0.08716087708885197,5,0.14226698875427243
thoracic-surgery,obag,ensemble,logistic_regression,10,library_defaults,macro_f1,0.5453966806128054,0.06395815150003425,5,0.14226698875427243
thoracic-surgery,rus,resampling,decision_tree,10,library_defaults,auprc,0.15021738586456893,0.012409792353707134,5,0.02560186386108394
thoracic-surgery,rus,resampling,decision_tree,10,library_defaults,balanced_accuracy,0.49375,0.05925235722513235,5,0.02560186386108394
thoracic-surgery,rus,resampling,decision_tree,10,library_defaults,macro_f1,0.4539817357321029,0.04407116378324118,5,0.02560186386108394
thoracic-surgery,rus,resampling,logistic_regression,10,library_defaults,auprc,0.25479925426903544,0.08286104639707338,5,0.040249872207641556
thoracic-surgery,rus,resampling,logistic_regression,10,library_defaults,balanced_accuracy,0.5944642857142857,0.05127674762442303,5,0.040249872207641556
thoracic-surgery,rus,resampling,logistic_regression,10,library_defaults,macro_f1,0.5141598288288798,0.023018918918544323,5,0.040249872207641556
thoracic-surgery,sbag,ensemble,decision_tree,10,library_defaults,auprc,0.23966148997605866,0.05518985277028016,5,0.10636920928955074
thoracic-surgery,sbag,ensemble,decision_tree,10,library_defaults,balanced_accuracy,0.5157142857142857,0.04740810794557815,5,0.10636920928955074
thoracic-surgery,sbag,ensemble,decision_tree,10,library_defaults,macro_f1,0.5050654579365589,0.0637986587412102,5,0.10636920928955074
thoracic-surgery,sbag,ensemble,logistic_regression,10,library_defaults,auprc,0.2590057707492206,0.09141076494378604,5,0.2182869434356689
thoracic-surgery,sbag,ensemble,logistic_regression,10,library_defaults,balanced_accuracy,0.5617857142857143,0.10237026695345894,5,0.2182869434356689
thoracic-surgery,sbag,ensemble,logistic_regression,10,library_defaults,macro_f1,0.519136939730621,0.07027375858171864,5,0.2182869434356689
thoracic-surgery,smote,resampling,decision_tree,10,library_defaults,auprc,0.16536618330790387,0.022424953649585928,5,0.029467773437499956
thoracic-surgery,smote,resampling,decision_tree,10,library_defaults,balanced_accuracy,0.5364285714285714,0.050493419959274706,5,0.029467773437499956
thoracic-surgery,smote,resampling,decision_tree,10,library_defaults,macro_f1,0.527693459842402,0.043700656635767034,5,0.029467773437499956
thoracic-surgery,smote,resampling,logistic_regression,10,library_defaults,auprc,0.2475567737642032,0.08433247396804458,5,0.03653707504272456
thoracic-surgery,smote,resampling,logistic_regression,10,library_defaults,balanced_accuracy,0.5873214285714285,0.08780558882310072,5,0.03653707504272456
thoracic-surgery,smote,resampling,logistic_regression,10,library_defaults,macro_f1,0.5101264619668149,0.04796414146353845,5,0.03653707504272456
thoracic-surgery,spe,ensemble,decision_tree,10,library_defaults,auprc,0.224190519486431,0.03414320892944678,5,0.07414216995239253
thoracic-surgery,spe,ensemble,decision_tree,10,library_defaults,balanced_accuracy,0.5528571428571428,0.03967140220689492,5,0.07414216995239253
thoracic-surgery,spe,ensemble,decision_tree,10,library_defaults,macro_f1,0.5418228992595092,0.030502790286353453,5,0.07414216995239253
thoracic-surgery,spe,ensemble,logistic_regression,10,library_defaults,auprc,0.25474293512611157,0.07382794524799141,5,0.1316895008087158
thoracic-surgery,spe,ensemble,logistic_regression,10,library_defaults,balanced_accuracy,0.6016071428571429,0.0747935082580769,5,0.1316895008087158
thoracic-surgery,spe,ensemble,logistic_regression,10,library_defaults,macro_f1,0.5183672505781453,0.0439855176836539,5,0.1316895008087158
thoracic-surgery,tomek,resampling,decision_tree,10,library_defaults,auprc,0.16607105035140074,0.01112335363902199,5,0.02787027359008786
thoracic-surgery,tomek,resampling,decision_tree,10,library_defaults,balanced_accuracy,0.5296428571428572,0.056041990680094064,5,0.02787027359008786
thoracic-surgery,tomek,resampling,decision_tree,10,library_defaults,macro_f1,0.5243870016480543,0.05763905698718813,5,0.02787027359008786
thoracic-surgery,tomek,resampling,logistic_regression,10,library_defaults,auprc,0.2607168182393922,0.07573408767171991,5,0.03827648162841792
thoracic-surgery,tomek,resampling,logistic_regression,10,library_defaults,balanced_accuracy,0.5039285714285715,0.022934439613998932,5,0.03827648162841792
thoracic-surgery,tomek,resampling,logistic_regression,10,library_defaults,macro_f1,0.4823222516685082,0.03965375789596606,5,0.03827648162841792
thoracic-surgery,ubag,ensemble,decision_tree,10,library_defaults,auprc,0.24816877819841335,0.06867093364622096,5,0.0708501815795898
thoracic-surgery,ubag,ensemble,decision_tree,10,library_defaults,balanced_accuracy,0.5621428571428572,0.05446282199438288,5,0.0708501815795898
thoracic-surgery,ubag,ensemble,decision_tree,10,library_defaults,macro_f1,0.5519019593574418,0.052985868341986035,5,0.0708501815795898
thoracic-surgery,ubag,ensemble,logistic_regression,10,library_defaults,auprc,0.2718235348949487,0.0711092266846069,5,0.12716112136840815
thoracic-surgery,ubag,ensemble,logistic_regression,10,library_defaults,balanced_accuracy,0.5880357142857143,0.08657860354519896,5,0.12716112136840815
thoracic-surgery,ubag,ensemble,logistic_regression,10,library_defaults,macro_f1,0.5232157576513464,0.06074680935008766,5,0.12716112136840815
vehicle,base,baseline,decision_tree,10,library_defaults,auprc,0.8863477585348857,0.05967381687183817,5,0.01975626945495602
vehicle,base,baseline,decision_tree,10,library_defaults,balanced_accuracy,0.9550880297996578,0.028515730171239366,5,0.01975626945495602
vehicle,base,baseline,decision_tree,10,library_defaults,macro_f1,0.9537464327799572,0.025154627450723138,5,0.01975626945495602
vehicle,base,baseline,logistic_regression,10,library_defaults,auprc,0.9428648169231664,0.0619437589546711,5,0.030382156372070257
vehicle,base,baseline,logistic_regression,10,library_defaults,balanced_accuracy,0.9361806302224907,0.024507394530748638,5,0.030382156372070257
vehicle,base,baseline,logistic_regression,10,library_defaults,macro_f1,0.9419537135629122,0.022581446060257193,5,0.030382156372070257
vehicle,cost,cost_sensitive,decision_tree,10,library_defaults,auprc,0.9170207183630484,0.048159483172526954,5,0.08507828712463375
vehicle,cost,cost_sensitive,decision_tree,10,library_defaults,balanced_accuracy,0.9466385583408838,0.021514212679515286,5,0.08507828712463375
vehicle,cost,cost_sensitive,decision_tree,10,library_defaults,macro_f1,0.9489063914236284,0.022281937665967064,5,0.08507828712463375
vehicle,cost,cost_sensitive,logistic_regression,10,library_defaults,auprc,0.8223948522844653,0.1044293042038008,4,0.10779458284378048
vehicle,cost,cost_sensitive,logistic_regression,10,library_defaults,balanced_accuracy,0.8584426658612705,0.06027699952914571,4,0.10779458284378048
vehicle,cost,cost_sensitive,logistic_regression,10,library_defaults,macro_f1,0.8545584809403964,0.060850488978924956,4,0.10779458284378048
vehicle,enn,resampling,decision_tree,10,library_defaults,auprc,0.8449881593409316,0.06422090152536739,5,0.0342831134796142
vehicle,enn,resampling,decision_tree,10,library_defaults,balanced_accuracy,0.9417493808517066,0.030210630643659694,5,0.0342831134796142
vehicle,enn,resampling,decision_tree,10,library_defaults,macro_f1,0.9371324980709588,0.02777718240125842,5,0.0342831134796142
vehicle,enn,resampling,logistic_regression,10,library_defaults,auprc,0.9336471841461554,0.07366342156063235,5,0.054053783416748026
vehicle,enn,resampling,logistic_regression,10,library_defaults,balanced_accuracy,0.9358961106077386,0.020132478153833382,5,0.054053783416748026
vehicle,enn,resampling,logistic_regression,10,library_defaults,macro_f1,0.9339818300493381,0.02250396604791958,5,0.054053783416748026
vehicle,obag,ensemble,decision_tree,10,library_defaults,auprc,0.9748117378577028,0.01596226267417174,5,0.1062309265136718
vehicle,obag,ensemble,decision_tree,10,library_defaults,balanced_accuracy,0.9568516258934862,0.025590440641024906,5,0.1062309265136718
vehicle,obag,ensemble,decision_tree,10,library_defaults,macro_f1,0.9622875232057317,0.022507678796584756,5,0.1062309265136718
vehicle,obag,ensemble,logistic_regression,10,library_defaults,auprc,0.9493216581237858,0.051417920215015005,5,0.19588556289672848
vehicle,obag,ensemble,logistic_regression,10,library_defaults,balanced_accuracy,0.9585337494546797,0.017222250660191216,5,0.19588556289672848
vehicle,obag,ensemble,logistic_regression,10,library_defaults,macro_f1,0.9446374736873949,0.022459965494578196,5,0.19588556289672848
vehicle,rus,resampling,decision_tree,10,library_defaults,auprc,0.8011963493146277,0.040242420553757194,5,0.02000231742858882
vehicle,rus,resampling,decision_tree,10,library_defaults,balanced_accuracy,0.9419608376120004,0.010939491177706715,5,0.02000231742858882
vehicle,rus,resampling,decision_tree,10,library_defaults,macro_f1,0.9206753120880673,0.01758663453165282,5,0.02000231742858882
vehicle,rus,resampling,logistic_regression,10,library_defaults,auprc,0.9158228840802989,0.06628641664164146,5,0.029574108123779263
vehicle,rus,resampling,logistic_regression,10,library_defaults,balanced_accuracy,0.9497845431054733,0.018120983965624966,5,0.029574108123779263
vehicle,rus,resampling,logistic_regression,10,library_defaults,macro_f1,0.9293185899841789,0.025515512319577202,5,0.029574108123779263
vehicle,sbag,ensemble,decision_tree,10,library_defaults,auprc,0.9661001997147777,0.024261630285153876,5,0.14935350418090818
vehicle,sbag,ensemble,decision_tree,10,library_defaults,balanced_accuracy,0.9582097788516393,0.02958344431398419,5,0.14935350418090818
vehicle,sbag,ensemble,decision_tree,10,library_defaults,macro_f1,0.9596276785281965,0.02854662001935734,5,0.14935350418090818
vehicle,sbag,ensemble,logistic_regression,10,library_defaults,auprc,0.9502081292553177,0.050334314027748704,5,0.3438724994659424
vehicle,sbag,ensemble,logistic_regression,10,library_defaults,balanced_accuracy,0.9562081680593308,0.020058486548051747,5,0.3438724994659424
vehicle,sbag,ensemble,logistic_regression,10,library_defaults,macro_f1,0.943030726171734,0.02439110482988754,5,0.3438724994659424
vehicle,smote,resampling,decision_tree,10,library_defaults,auprc,0.8579530638329992,0.03866528134888291,5,0.033025550842285104
vehicle,smote,resampling,decision_tree,10,library_defaults,balanced_accuracy,0.9367814557535489,0.028318191850963348,5,0.033025550842285104
vehicle,smote,resampling,decision_tree,10,library_defaults,macro_f1,0.9404516556128835,0.018650520763697002,5,0.033025550842285104
vehicle,smote,resampling,logistic_regression,10,library_defaults,auprc,0.9491140015004117,0.05588287306105136,5,0.04741091728210444
vehicle,smote,resampling,logistic_regression,10,library_defaults,balanced_accuracy,0.9547417899929528,0.01853478635341431,5,0.04741091728210444
vehicle,smote,resampling,logistic_regression,10,library_defaults,macro_f1,0.9430059040013431,0.02626611056585351,5,0.04741091728210444
vehicle,spe,ensemble,decision_tree,10,library_defaults,auprc,0.9867692004641635,0.011551120913082968,5,0.08522338867187496
vehicle,spe,ensemble,decision_tree,10,library_defaults,balanced_accuracy,0.9630347192858821,0.025068299746070728,5,0.08522338867187496
vehicle,spe,ensemble,decision_tree,10,library_defaults,macro_f1,0.9656578571450668,0.021376366476732796,5,0.08522338867187496
vehicle,spe,ensemble,logistic_regression,10,library_defaults,auprc,0.9586914949089896,0.048079501670942576,5,0.1865928173065185
vehicle,spe,ensemble,logistic_regression,10,library_defaults,balanced_accuracy,0.9362952045370649,0.04027094606180879,5,0.1865928173065185
vehicle,spe,ensemble,logistic_regression,10,library_defaults,macro_f1,0.9441382540967865,0.029630749947745477,5,0.1865928173065185
vehicle,tomek,resampling,decision_tree,10,library_defaults,auprc,0.8830113301090903,0.057224362949250776,5,0.02628693580627438
vehicle,tomek,resampling,decision_tree,10,library_defaults,balanced_accuracy,0.9511248095573677,0.02843912292965623,5,0.02628693580627438
vehicle,tomek,resampling,decision_tree,10,library_defaults,macro_f1,0.9518849217972882,0.02446764605233296,5,0.02628693580627438
vehicle,tomek,resampling,logistic_regression,10,library_defaults,auprc,0.942897534598797,0.06188471112516063,5,0.04383311271667476
vehicle,tomek,resampling,logistic_regression,10,library_defaults,balanced_accuracy,0.938453357495218,0.02120831653323019,5,0.04383311271667476
vehicle,tomek,resampling,logistic_regression,10,library_defaults,macro_f1,0.9436856726383395,0.02144503201388623,5,0.04383311271667476
vehicle,ubag,ensemble,decision_tree,10,library_defaults,auprc,0.96873315072545,0.02102591440111532,5,0.08302264213562008
vehicle,ubag,ensemble,decision_tree,10,library_defaults,balanced_accuracy,0.9596736400550354,0.031210147668317912,5,0.08302264213562008
vehicle,ubag,ensemble,decision_tree,10,library_defaults,macro_f1,0.9571148090176287,0.03342546959303947,5,0.08302264213562008
vehicle,ubag,ensemble,logistic_regression,10,library_defaults,auprc,0.9309678476518599,0.062417968549561206,5,0.1502192974090576
vehicle,ubag,ensemble,logistic_regression,10,library_defaults,balanced_accuracy,0.9490399140910769,0.019235988812873375,5,0.1502192974090576
vehicle,ubag,ensemble,logistic_regression,10,library_defaults,macro_f1,0.9304465848086168,0.024813670085296852,5,0.1502192974090576
vertebra-column,base,baseline,decision_tree,10,library_defaults,auprc,0.5723718651041305,0.08850164382772538,5,0.01612930297851558
vertebra-column,base,baseline,decision_tree,10,library_defaults,balanced_accuracy,0.7664285714285713,0.06890584788692368,5,0.01612930297851558
vertebra-column,base,baseline,decision_tree,10,library_defaults,macro_f1,0.7641823274050157,0.06669559571819354,5,0.01612930297851558
vertebra-column,base,baseline,logistic_regression,10,library_defaults,auprc,0.8789602094771796,0.05473407489791072,5,0.01937146186828608
vertebra-column,base,baseline,logistic_regression,10,library_defaults,balanced_accuracy,0.8302380952380952,0.06380219396422453,5,0.01937146186828608
vertebra-column,base,baseline,logistic_regression,10,library_defaults,macro_f1,0.8278053122252423,0.0495255487976551,5,0.01937146186828608
vertebra-column,cost,cost_sensitive,decision_tree,10,library_defaults,auprc,0.6676957595139245,0.11052265011236305,5,0.05218200683593745
vertebra-column,cost,cost_sensitive,decision_tree,10,library_defaults,balanced_accuracy,0.7980952380952381,0.06155809526756432,5,0.05218200683593745
vertebra-column,cost,cost_sensitive,decision_tree,10,library_defaults,macro_f1,0.7991380451754102,0.0617054696604835,5,0.05218200683593745
vertebra-column,cost,cost_sensitive,logistic_regression,10,library_defaults,auprc,0.7406628564469939,0.08367432675027367,4,0.0738834142684936
vertebra-column,cost,cost_sensitive,logistic_regression,10,library_defaults,balanced_accuracy,0.7785714285714285,0.033727824382342515,4,0.0738834142684936
vertebra-column,cost,cost_sensitive,logistic_regression,10,library_defaults,macro_f1,0.7780384506353331,0.031058403321591786,4,0.0738834142684936
vertebra-column,enn,resampling,decision_tree,10,library_defaults,auprc,0.5849262442092736,0.0636572902950903,5,0.0190080642700195
vertebra-column,enn,resampling,decision_tree,10,library_defaults,balanced_accuracy,0.8061904761904761,0.05330223370473163,5,0.0190080642700195
vertebra-column,enn,resampling,decision_tree,10,library_defaults,macro_f1,0.7743034769329359,0.047511412913688905,5,0.0190080642700195
vertebra-column,enn,resampling,logistic_regression,10,library_defaults,auprc,0.8115656579701638,0.06217666398542279,5,0.02349138259887692
vertebra-column,enn,resampling,logistic_regression,10,library_defaults,balanced_accuracy,0.8319047619047619,0.06377331061966511,5,0.02349138259887692
vertebra-column,enn,resampling,logistic_regression,10,library_defaults,macro_f1,0.7856048789163556,0.053958420403151075,5,0.02349138259887692
vertebra-column,obag,ensemble,decision_tree,10,library_defaults,auprc,0.8082500071086409,0.03904180076873155,5,0.06795363426208492
vertebra-column,obag,ensemble,decision_tree,10,library_defaults,balanced_accuracy,0.7947619047619048,0.052303785150245904,5,0.06795363426208492
vertebra-column,obag,ensemble,decision_tree,10,library_defaults,macro_f1,0.8031096264640067,0.04248176229307063,5,0.06795363426208492
vertebra-column,obag,ensemble,logistic_regression,10,library_defaults,auprc,0.8757679786674564,0.05689599636458528,5,0.11330971717834468
vertebra-column,obag,ensemble,logistic_regression,10,library_defaults,balanced_accuracy,0.8473809523809525,0.03729060966464611,5,0.11330971717834468
vertebra-column,obag,ensemble,logistic_regression,10,library_defaults,macro_f1,0.8196276124440157,0.030288384536542496,5,0.11330971717834468
vertebra-column,rus,resampling,decision_tree,10,library_defaults,auprc,0.5571385537359427,0.09516070050810697,5,0.01741638183593746
vertebra-column,rus,resampling,decision_tree,10,library_defaults,balanced_accuracy,0.7621428571428572,0.07712135943843738,5,0.01741638183593746
vertebra-column,rus,resampling,decision_tree,10,library_defaults,macro_f1,0.7530139859756414,0.06788835852633408,5,0.01741638183593746
vertebra-column,rus,resampling,logistic_regression,10,library_defaults,auprc,0.8747218014640523,0.05623072471295355,5,0.02283411026000972
vertebra-column,rus,resampling,logistic_regression,10,library_defaults,balanced_accuracy,0.8445238095238097,0.04914662914648969,5,0.02283411026000972
vertebra-column,rus,resampling,logistic_regression,10,library_defaults,macro_f1,0.8208995213911393,0.035616391988473495,5,0.02283411026000972
vertebra-column,sbag,ensemble,decision_tree,10,library_defaults,auprc,0.800959417200137,0.04879293447425002,5,0.08976311683654781
vertebra-column,sbag,ensemble,decision_tree,10,library_defaults,balanced_accuracy,0.8002380952380952,0.04479260598603759,5,0.08976311683654781
vertebra-column,sbag,ensemble,decision_tree,10,library_defaults,macro_f1,0.8038561842519002,0.03652286118324266,5,0.08976311683654781
vertebra-column,sbag,ensemble,logistic_regression,10,library_defaults,auprc,0.8755529249040155,0.05683000668108729,5,0.1424517154693603
vertebra-column,sbag,ensemble,logistic_regression,10,library_defaults,balanced_accuracy,0.8473809523809525,0.03729060966464611,5,0.1424517154693603
vertebra-column,sbag,ensemble,logistic_regression,10,library_defaults,macro_f1,0.8196276124440157,0.030288384536542496,5,0.1424517154693603
vertebra-column,smote,resampling,decision_tree,10,library_defaults,auprc,0.5790790091063436,0.044549714525485215,5,0.02049541473388666
vertebra-column,smote,resampling,decision_tree,10,library_defaults,balanced_accuracy,0.7764285714285715,0.04114813403108777,5,0.02049541473388666
vertebra-column,smote,resampling,decision_tree,10,library_defaults,macro_f1,0.7724917836367693,0.032709658841257,5,0.02049541473388666
vertebra-column,smote,resampling,logistic_regression,10,library_defaults,auprc,0.867246179520297,0.051635926573552454,5,0.02413611412048332
vertebra-column,smote,resampling,logistic_regression,10,library_defaults,balanced_accuracy,0.8421428571428571,0.03459147719864792,5,0.02413611412048332
vertebra-column,smote,resampling,logistic_regression,10,library_defaults,macro_f1,0.818203933747412,0.027826782701675365,5,0.02413611412048332
vertebra-column,spe,ensemble,decision_tree,10,library_defaults,auprc,0.7915531956238311,0.047367715313711194,5,0.06967577934265132
vertebra-column,spe,ensemble,decision_tree,10,library_defaults,balanced_accuracy,0.8078571428571429,0.0549724214509549,5,0.06967577934265132
vertebra-column,spe,ensemble,decision_tree,10,library_defaults,macro_f1,0.8079224298666705,0.03881014852629332,5,0.06967577934265132
vertebra-column,spe,ensemble,logistic_regression,10,library_defaults,auprc,0.8849493348157058,0.05414802224389536,5,0.11181988716125484
vertebra-column,spe,ensemble,logistic_regression,10,library_defaults,balanced_accuracy,0.8385714285714286,0.05199805944399309,5,0.11181988716125484
vertebra-column,spe,ensemble,logistic_regression,10,library_defaults,macro_f1,0.8268183750253787,0.04124482261752206,5,0.11181988716125484
vertebra-column,tomek,resampling,decision_tree,10,library_defaults,auprc,0.5524158272769772,0.04127558272883791,5,0.02068657875061032
vertebra-column,tomek,resampling,decision_tree,10,library_defaults,balanced_accuracy,0.7595238095238095,0.029414640715728184,5,0.02068657875061032
vertebra-column,tomek,resampling,decision_tree,10,library_defaults,macro_f1,0.754129070459873,0.030799023154600487,5,0.02068657875061032
vertebra-column,tomek,resampling,logistic_regression,10,library_defaults,auprc,0.8792100494272995,0.05529078999483991,5,0.02382564544677728
vertebra-column,tomek,resampling,logistic_regression,10,library_defaults,balanced_accuracy,0.8333333333333334,0.06012788713892571,5,0.02382564544677728
vertebra-column,tomek,resampling,logistic_regression,10,library_defaults,macro_f1,0.8252294094597893,0.052534709392079736,5,0.02382564544677728
vertebra-column,ubag,ensemble,decision_tree,10,library_defaults,auprc,0.7986946398963435,0.03731386605333789,5,0.06630415916442867
vertebra-column,ubag,ensemble,decision_tree,10,library_defaults,balanced_accuracy,0.8169047619047619,0.042669895179722764,5,0.06630415916442867
vertebra-column,ubag,ensemble,decision_tree,10,library_defaults,macro_f1,0.800981675493027,0.03229190024859327,5,0.06630415916442867
vertebra-column,ubag,ensemble,logistic_regression,10,library_defaults,auprc,0.8704082004892472,0.051396884353109434,5,0.11035132408142082
vertebra-column,ubag,ensemble,logistic_regression,10,library_defaults,balanced_accuracy,0.845,0.027515198850825245,5,0.11035132408142082
vertebra-column,ubag,ensemble,logistic_regression,10,library_defaults,macro_f1,0.8165954040894731,0.021838674738502997,5,0.11035132408142082
vowel,base,baseline,decision_tree,10,library_defaults,auprc,0.7008467023172905,0.11800407554195758,5,0.045859813690185505
vowel,base,baseline,decision_tree,10,library_defaults,balanced_accuracy,0.9066666666666666,0.034949257750114635,5,0.045859813690185505
vowel,base,baseline,decision_tree,10,library_defaults,macro_f1,0.9021686345117956,0.04127351006621835,5,0.045859813690185505
vowel,base,baseline,logistic_regression,10,library_defaults,auprc,0.875715948198061,0.07250284226996329,5,0.04813251495361324
vowel,base,baseline,logistic_regression,10,library_defaults,balanced_accuracy,0.8122222222222222,0.026396197818232416,5,0.04813251495361324
vowel,base,baseline,logistic_regression,10,library_defaults,macro_f1,0.8566035536326304,0.010293111153157062,5,0.04813251495361324
vowel,cost,ensemble,decision_tree,10,library_defaults,auprc,0.7206916522589897,0.12356185464905864,5,0.1377986907958984
vowel,cost,ensemble,decision_tree,10,library_defaults,balanced_accuracy,0.9083333333333334,0.036004114991154836,5,0.1377986907958984
vowel,cost,ensemble,decision_tree,10,library_defaults,macro_f1,0.9098806408954928,0.04393480981653859,5,0.1377986907958984
vowel,cost,ensemble,logistic_regression,10,library_defaults,auprc,0.5420115331517599,0.144543069907072,5,0.0979957580566406
vowel,cost,ensemble,logistic_regression,10,library_defaults,balanced_accuracy,0.735,0.10571260247003504,5,0.0979957580566406
vowel,cost,ensemble,logistic_regression,10,library_defaults,macro_f1,0.7379582767616281,0.10173070718329023,5,0.0979957580566406
vowel,enn,resampling,decision_tree,10,library_defaults,auprc,0.7111437834038453,0.09409467882293224,5,0.05864233970642084
vowel,enn,resampling,decision_tree,10,library_defaults,balanced_accuracy,0.9077777777777778,0.03347193406976013,5,0.05864233970642084
vowel,enn,resampling,decision_tree,10,library_defaults,macro_f1,0.9065314048133131,0.03243366181697714,5,0.05864233970642084
vowel,enn,resampling,logistic_regression,10,library_defaults,auprc,0.8683490322426778,0.07305986364478936,5,0.06871881484985348
vowel,enn,resampling,logistic_regression,10,library_defaults,balanced_accuracy,0.8177777777777777,0.032666950112148964,5,0.06871881484985348
vowel,enn,resampling,logistic_regression,10,library_defaults,macro_f1,0.860660859962664,0.016229368336898475,5,0.06871881484985348
vowel,obag,ensemble,decision_tree,10,library_defaults,auprc,0.9418610918951476,0.033836025271030565,5,0.15946617126464838
vowel,obag,ensemble,decision_tree,10,library_defaults,balanced_accuracy,0.8594444444444445,0.07167527941356316,5,0.15946617126464838
vowel,obag,ensemble,decision_tree,10,library_defaults,macro_f1,0.90057419693922,0.04341186536428696,5,0.15946617126464838
vowel,obag,ensemble,logistic_regression,10,library_defaults,auprc,0.816275028331239,0.08281404019798096,5,0.23703746795654293
vowel,obag,ensemble,logistic_regression,10,library_defaults,balanced_accuracy,0.9355555555555556,0.03157393830751741,5,0.23703746795654293
vowel,obag,ensemble,logistic_regression,10,library_defaults,macro_f1,0.8328721744280874,0.02596080584804165,5,0.23703746795654293
vowel,rus,resampling,decision_tree,10,library_defaults,auprc,0.4632241242744783,0.060512309550988644,5,0.0432682037353515
vowel,rus,resampling,decision_tree,10,library_defaults,balanced_accuracy,0.9244444444444444,0.022170077710261034,5,0.0432682037353515
vowel,rus,resampling,decision_tree,10,library_defaults,macro_f1,0.7891849623016107,0.03755814453289636,5,0.0432682037353515
vowel,rus,resampling,logistic_regression,10,library_defaults,auprc,0.7489180405825074,0.048560110923252346,5,0.048392772674560505
vowel,rus,resampling,logistic_regression,10,library_defaults,balanced_accuracy,0.8783333333333333,0.027456475095892333,5,0.048392772674560505
vowel,rus,resampling,logistic_regression,10,library_defaults,macro_f1,0.7136213953296698,0.044665014263165534,5,0.048392772674560505
vowel,sbag,ensemble,decision_tree,10,library_defaults,auprc,0.958722405000608,0.030483874253460545,5,0.2041129112243652
vowel,sbag,ensemble,decision_tree,10,library_defaults,balanced_accuracy,0.8805555555555555,0.07092858519335399,5,0.2041129112243652
vowel,sbag,ensemble,decision_tree,10,library_defaults,macro_f1,0.9110552826939957,0.049297115631267346,5,0.2041129112243652
vowel,sbag,ensemble,logistic_regression,10,library_defaults,auprc,0.8425163190098697,0.049700988598437086,5,0.3688651084899902
vowel,sbag,ensemble,logistic_regression,10,library_defaults,balanced_accuracy,0.9366666666666665,0.03187795011765504,5,0.3688651084899902
vowel,sbag,ensemble,logistic_regression,10,library_defaults,macro_f1,0.8361695693037469,0.02353765759301363,5,0.3688651084899902
vowel,smote,resampling,decision_tree,10,library_defaults,auprc,0.7234767590701543,0.10567405315322105,5,0.06733388900756831
vowel,smote,resampling,decision_tree,10,library_defaults,balanced_accuracy,0.8944444444444445,0.05389891086647849,5,0.06733388900756831
vowel,smote,resampling,decision_tree,10,library_defaults,macro_f1,0.9097104041605382,0.03738639249270608,5,0.06733388900756831
vowel,smote,resampling,logistic_regression,10,library_defaults,auprc,0.8043422445947719,0.08603026204320308,5,0.06661610603332511
vowel,smote,resampling,logistic_regression,10,library_defaults,balanced_accuracy,0.9366666666666668,0.031938405226232904,5,0.06661610603332511
vowel,smote,resampling,logistic_regression,10,library_defaults,macro_f1,0.8361972218981049,0.024299869546190005,5,0.06661610603332511
vowel,spe,ensemble,decision_tree,10,library_defaults,auprc,0.9669958482445583,0.02247143570489561,5,0.11265368461608885
vowel,spe,ensemble,decision_tree,10,library_defaults,balanced_accuracy,0.9572222222222221,0.0399942125442799,5,0.11265368461608885
vowel,spe,ensemble,decision_tree,10,library_defaults,macro_f1,0.9567134253410348,0.01842955039548829,5,0.11265368461608885
vowel,spe,ensemble,logistic_regression,10,library_defaults,auprc,0.8765190132585893,0.05949491128246136,5,0.1558156013488769
vowel,spe,ensemble,logistic_regression,10,library_defaults,balanced_accuracy,0.8983333333333334,0.048136572682624945,5,0.1558156013488769
vowel,spe,ensemble,logistic_regression,10,library_defaults,macro_f1,0.8326956954097691,0.04056872566949374,5,0.1558156013488769
vowel,tomek,resampling,decision_tree,10,library_defaults,auprc,0.7008467023172905,0.11800407554195758,5,0.0600591659545898
vowel,tomek,resampling,decision_tree,10,library_defaults,balanced_accuracy,0.9066666666666666,0.034949257750114635,5,0.0600591659545898
vowel,tomek,resampling,decision_tree,10,library_defaults,macro_f1,0.9021686345117956,0.04127351006621835,5,0.0600591659545898
vowel,tomek,resampling,logistic_regression,10,library_defaults,auprc,0.875715948198061,0.07250284226996329,5,0.07296547889709468
vowel,tomek,resampling,logistic_regression,10,library_defaults,balanced_accuracy,0.8122222222222222,0.026396197818232416,5,0.07296547889709468
vowel,tomek,resampling,logistic_regression,10,library_defaults,macro_f1,0.8566035536326304,0.010293111153157062,5,0.07296547889709468
vowel,ubag,ensemble,decision_tree,10,library_defaults,auprc,0.8645511391725439,0.07319017644911824,5,0.11023859977722161
vowel,ubag,ensemble,decision_tree,10,library_defaults,balanced_accuracy,0.9527777777777778,0.03648312649045475,5,0.11023859977722161
vowel,ubag,ensemble,decision_tree,10,library_defaults,macro_f1,0.8775766549302932,0.04703838580379681,5,0.11023859977722161
vowel,ubag,ensemble,logistic_regression,10,library_defaults,auprc,0.8108486777817137,0.07624596955376384,5,0.14666428565979
vowel,ubag,ensemble,logistic_regression,10,library_defaults,balanced_accuracy,0.8772222222222222,0.03728849821011075,5,0.14666428565979
vowel,ubag,ensemble,logistic_regression,10,library_defaults,macro_f1,0.7197480903906736,0.04267155752973814,5,0.14666428565979
wholesale-customers,base,baseline,decision_tree,10,library_defaults,auprc,0.7250406282219408,0.04397656590397367,5,0.01920619010925288
wholesale-customers,base,baseline,decision_tree,10,library_defaults,balanced_accuracy,0.8648170103810081,0.013050293364011886,5,0.01920619010925288
wholesale-customers,base,baseline,decision_tree,10,library_defaults,macro_f1,0.863123905865168,0.0202942051789406,5,0.01920619010925288
wholesale-customers,base,baseline,logistic_regression,10,library_defaults,auprc,0.9343894825215555,0.01485704562343443,5,0.0249207973480224
wholesale-customers,base,baseline,logistic_regression,10,library_defaults,balanced_accuracy,0.8870791238763186,0.007244825843742743,5,0.0249207973480224
wholesale-customers,base,baseline,logistic_regression,10,library_defaults,macro_f1,0.8941710517894098,0.013074970457060688,5,0.0249207973480224
wholesale-customers,cost,cost_sensitive,decision_tree,10,library_defaults,auprc,0.7867700095819737,0.02844032960182881,5,0.06272354125976558
wholesale-customers,cost,cost_sensitive,decision_tree,10,library_defaults,balanced_accuracy,0.8650331190337035,0.01918367732631976,5,0.06272354125976558
wholesale-customers,cost,cost_sensitive,decision_tree,10,library_defaults,macro_f1,0.8649921525694632,0.023859311723738504,5,0.06272354125976558
wholesale-customers,cost,cost_sensitive,logistic_regression,10,library_defaults,auprc,0.8927407951923755,0.01650665016785277,5,0.07751078605651852
wholesale-customers,cost,cost_sensitive,logistic_regression,10,library_defaults,balanced_accuracy,0.8845789151429126,0.030500307962968338,5,0.07751078605651852
wholesale-customers,cost,cost_sensitive,logistic_regression,10,library_defaults,macro_f1,0.8776668909976971,0.03281482640514262,5,0.07751078605651852
wholesale-customers,enn,resampling,decision_tree,10,library_defaults,auprc,0.7299316476203493,0.08101000820355729,5,0.02173562049865718
wholesale-customers,enn,resampling,decision_tree,10,library_defaults,balanced_accuracy,0.8855230859146698,0.03659746472554037,5,0.02173562049865718
wholesale-customers,enn,resampling,decision_tree,10,library_defaults,macro_f1,0.8685385896738234,0.04670534364750218,5,0.02173562049865718
wholesale-customers,enn,resampling,logistic_regression,10,library_defaults,auprc,0.9160082886854873,0.036869480787488286,5,0.028933811187744102
wholesale-customers,enn,resampling,logistic_regression,10,library_defaults,balanced_accuracy,0.9042761125490524,0.03945114363094046,5,0.028933811187744102
wholesale-customers,enn,resampling,logistic_regression,10,library_defaults,macro_f1,0.8899732408844795,0.043878134077668836,5,0.028933811187744102
wholesale-customers,obag,ensemble,decision_tree,10,library_defaults,auprc,0.8827968517428102,0.052101398108671336,5,0.07629976272583001
wholesale-customers,obag,ensemble,decision_tree,10,library_defaults,balanced_accuracy,0.8958239403300772,0.023681719443072118,5,0.07629976272583001
wholesale-customers,obag,ensemble,decision_tree,10,library_defaults,macro_f1,0.9000293786477233,0.02176672439350125,5,0.07629976272583001
wholesale-customers,obag,ensemble,logistic_regression,10,library_defaults,auprc,0.9360834236111459,0.014014423614333691,5,0.12509937286376951
wholesale-customers,obag,ensemble,logistic_regression,10,library_defaults,balanced_accuracy,0.906949709164788,0.028504242485101857,5,0.12509937286376951
wholesale-customers,obag,ensemble,logistic_regression,10,library_defaults,macro_f1,0.9022949348903164,0.027370088944519796,5,0.12509937286376951
wholesale-customers,rus,resampling,decision_tree,10,library_defaults,auprc,0.7001099740716471,0.05527464224871506,5,0.02010416984558102
wholesale-customers,rus,resampling,decision_tree,10,library_defaults,balanced_accuracy,0.8700935125657511,0.036229826331153,5,0.02010416984558102
wholesale-customers,rus,resampling,decision_tree,10,library_defaults,macro_f1,0.8528904863397875,0.03391881447866761,5,0.02010416984558102
wholesale-customers,rus,resampling,logistic_regression,10,library_defaults,auprc,0.9337602421225446,0.015392902238551902,5,0.026737928390502902
wholesale-customers,rus,resampling,logistic_regression,10,library_defaults,balanced_accuracy,0.9002830424981214,0.00901331386689005,5,0.026737928390502902
wholesale-customers,rus,resampling,logistic_regression,10,library_defaults,macro_f1,0.8929238211741086,0.016976025998906612,5,0.026737928390502902
wholesale-customers,sbag,ensemble,decision_tree,10,library_defaults,auprc,0.8804956139176777,0.05120850326390657,5,0.0971997737884521
wholesale-customers,sbag,ensemble,decision_tree,10,library_defaults,balanced_accuracy,0.9010538253875484,0.022325384959663613,5,0.0971997737884521
wholesale-customers,sbag,ensemble,decision_tree,10,library_defaults,macro_f1,0.9034163944351326,0.026092127415115424,5,0.0971997737884521
wholesale-customers,sbag,ensemble,logistic_regression,10,library_defaults,auprc,0.9358031831830459,0.014325601352612932,5,0.14180531501770016
wholesale-customers,sbag,ensemble,logistic_regression,10,library_defaults,balanced_accuracy,0.906949709164788,0.028504242485101857,5,0.14180531501770016
wholesale-customers,sbag,ensemble,logistic_regression,10,library_defaults,macro_f1,0.9022949348903164,0.027370088944519796,5,0.14180531501770016
wholesale-customers,smote,resampling,decision_tree,10,library_defaults,auprc,0.7453710938728774,0.08493317337865193,5,0.02399454116821284
wholesale-customers,smote,resampling,decision_tree,10,library_defaults,balanced_accuracy,0.8775391723024686,0.04404814141547318,5,0.02399454116821284
wholesale-customers,smote,resampling,decision_tree,10,library_defaults,macro_f1,0.8742208622098996,0.04638239211849198,5,0.02399454116821284
wholesale-customers,smote,resampling,logistic_regression,10,library_defaults,auprc,0.934740943551388,0.01566174279829637,5,0.02877402305603024
wholesale-customers,smote,resampling,logistic_regression,10,library_defaults,balanced_accuracy,0.9050449472600262,0.02432318726743858,5,0.02877402305603024
wholesale-customers,smote,resampling,logistic_regression,10,library_defaults,macro_f1,0.9021051266467385,0.02696932219187242,5,0.02877402305603024
wholesale-customers,spe,ensemble,decision_tree,10,library_defaults,auprc,0.8913461300379264,0.04032173087626855,5,0.074811840057373
wholesale-customers,spe,ensemble,decision_tree,10,library_defaults,balanced_accuracy,0.8998433107901255,0.019512354499080724,5,0.074811840057373
wholesale-customers,spe,ensemble,decision_tree,10,library_defaults,macro_f1,0.8988066051297476,0.016516153218422952,5,0.074811840057373
wholesale-customers,spe,ensemble,logistic_regression,10,library_defaults,auprc,0.9340622457234098,0.019738392052661632,5,0.11731286048889156
wholesale-customers,spe,ensemble,logistic_regression,10,library_defaults,balanced_accuracy,0.8494965350254654,0.026212398563672933,5,0.11731286048889156
wholesale-customers,spe,ensemble,logistic_regression,10,library_defaults,macro_f1,0.8654946622609249,0.02411868373038145,5,0.11731286048889156
wholesale-customers,tomek,resampling,decision_tree,10,library_defaults,auprc,0.7194378903503573,0.022291644365730046,5,0.022144603729248
wholesale-customers,tomek,resampling,decision_tree,10,library_defaults,balanced_accuracy,0.8670830202332247,0.010383076396383015,5,0.022144603729248
wholesale-customers,tomek,resampling,decision_tree,10,library_defaults,macro_f1,0.8615692150975061,0.01039582424427465,5,0.022144603729248
wholesale-customers,tomek,resampling,logistic_regression,10,library_defaults,auprc,0.9348166416565119,0.012591906612370692,5,0.030070400238037077
wholesale-customers,tomek,resampling,logistic_regression,10,library_defaults,balanced_accuracy,0.8908239403300771,0.0077194693679880815,5,0.030070400238037077
wholesale-customers,tomek,resampling,logistic_regression,10,library_defaults,macro_f1,0.892963346384489,0.013843935140838474,5,0.030070400238037077
wholesale-customers,ubag,ensemble,decision_tree,10,library_defaults,auprc,0.880432281911512,0.05187822795157537,5,0.07075395584106442
wholesale-customers,ubag,ensemble,decision_tree,10,library_defaults,balanced_accuracy,0.9157227742061173,0.030136351621199695,5,0.07075395584106442
wholesale-customers,ubag,ensemble,decision_tree,10,library_defaults,macro_f1,0.9085918467077898,0.0377187996100731,5,0.07075395584106442
wholesale-customers,ubag,ensemble,logistic_regression,10,library_defaults,auprc,0.9356806690249153,0.014719780687112941,5,0.11667304039001462
wholesale-customers,ubag,ensemble,logistic_regression,10,library_defaults,balanced_accuracy,0.9001982967354095,0.029156091135581753,5,0.11667304039001462
wholesale-customers,ubag,ensemble,logistic_regression,10,library_defaults,macro_f1,0.8928079967669129,0.02808529660376117,5,0.11667304039001462
